<?xml version="1.0" encoding="UTF-8"?><changeHistory><change uid="hhb275wk-7aom" user="Various individuals"/><change uid="hhb3c13t-fq4w" user="MEJS"/><change uid="hhb3lyhr-sb09" user="MEJS"/><change uid="hhbhxv8s-5w4m" user="MEJS"/><change uid="hhbkag9c-c0jp" user="MEJS"/><change uid="hhbkq1am-stun" user="MEJS"/><change uid="hhbl0jxt-6v6t" user="MEJS"/><change uid="hhbl3suf-v7qv" user="MEJS"/><change uid="hhblvi9o-f34r" user="MEJS"/><change uid="hhbm8ygq-g68c" user="MEJS"/><change uid="hhbmkyao-d0ar" user="MEJS"/><change uid="hhc4cf3f-j3vh" user="MEJS"/><change uid="hhc6bymq-f4nq" user="MEJS"/><change uid="hhc6dso0-3105" user="MEJS"/><change uid="hhc6jacd-pnpg" user="MEJS"/><change uid="hhc6v4jo-rcud" user="MEJS"/><change uid="hhc74rwx-nulg" user="MEJS"/><change uid="hhc7i22j-76pt" user="MEJS"/><change uid="hhc7ov20-5eq7" user="MEJS"/><change uid="hhc7qssj-jqtt" user="MEJS"/><change uid="hhc82pt1-jbry" user="MEJS"/><change uid="hhc8a227-vtn1" user="MEJS"/><change uid="hhc8cbo7-3y0u" user="MEJS"/><change uid="hhc8g9cu-27fa" user="MEJS"/><change uid="hhc8oyhv-2vxv" user="MEJS"/><change uid="hhc8sljt-cs51" user="MEJS"/><change uid="hhc8zbx7-evyg" user="MEJS"/><change uid="hhckab6n-8ziv" user=""/><change uid="hhcn7u0b-hhe5" user=""/><change uid="hhcnam0s-jrpn" user=""/><change uid="hhcnwyps-dp6x" user=""/><change uid="hhsbxyve-srz" user="CIRI"/><change uid="hhtlscww-ppyb" user="CIRI"/><change uid="hhtp8l43-i0yn" user="CIRI"/><change uid="hhup7x86-p4ba" user="CIRI"/><change uid="hi1vn2yt-v36n" user="CIRI"/><change uid="hi2960hk-dsgo" user="CIRI"/><change uid="hi296id5-g5ol" user="CIRI"/><change uid="hi299x7s-phrt" user="CIRI"/><change uid="hi52a1r2-7cd8" user="CIRI"/><change uid="hi6s4k9e-nxnm" user="CIRI"/><change uid="hi6s7tsr-m0ka" user="CIRI"/><change uid="hi7ncsy0-lb6o" user="CIRI"/><change uid="hihqgiz2-r0r" user="CIRI"/><change uid="hilvbrtt-4sqo" user="CIRI"/><change uid="hiqhnlxv-6a59" user="CIRI"/><change uid="hirr9q94-1pln" user="CIRI"/><change uid="hixbycfz-iyn" user="CIRI"/><change uid="hiz0tbv2-3rd7" user="CIRI"/><change uid="hj1nwlje-bhzs" user="CIRI"/><change uid="hj5zergs-tdmw" user="CIRI"/></changeHistory>