<?xml version='1.0' encoding='UTF-8' ?>
<timeLogEntries>
  <time id="1" path="/Proyecto/SWBStrategy/Productos de Soporte/Scripts para el proceso de Desarrollo Manual Tecnico" start="@1370272115809" delta="22" />
  <time id="2" path="/Proyecto/SWBStrategy/Productos de Soporte/Scripts para el proceso de Desarrollo Manual Tecnico" start="@1370274058703" delta="9" />
  <time id="3" path="/Proyecto/SWBStrategy/Productos de Soporte/Scripts para el proceso de Desarrollo Manual Tecnico" start="@1370280463000" delta="63" />
  <time id="4" path="/Proyecto/SWBStrategy/Productos de Soporte/Scripts para el proceso de Desarrollo Manual Tecnico" start="@1370285001000" delta="10" />
  <time id="5" path="/Proyecto/SWBStrategy/Productos de Soporte/Scripts para el proceso de Desarrollo Manual Tecnico" start="@1370293217000" delta="30" />
  <time id="6" path="/Proyecto/SWBStrategy/Productos de Soporte/Scripts para el proceso de Desarrollo Manual Tecnico" start="@1370296801000" delta="19" />
  <time id="7" path="/Proyecto/SWBStrategy/Productos de Soporte/Generar checklist para el proceso del desarrollo del manual tecnico" start="@1370298603000" delta="50" />
  <time id="8" path="/Proyecto/SWBStrategy/Productos de Soporte/Generar checklist para el proceso del desarrollo del manual tecnico" start="@1370380810000" delta="43" />
  <time id="9" path="/Proyecto/SWBStrategy/Productos de Soporte/Generar checklist para el proceso del desarrollo del manual tecnico" start="@1370385368000" delta="24" />
  <time id="10" path="/Proyecto/SWBStrategy/Productos de Soporte/Generar checklist para el proceso del desarrollo del manual tecnico" start="@1370446693309" delta="36" />
  <time id="11" path="/Proyecto/SWBStrategy/Productos de Soporte/Checklist para el proceso de Ejecucion de pruebas integrales" start="@1370470643021" delta="42" />
  <time id="13" path="/Proyecto/SWBStrategy/Productos de Soporte/Revision de checklist de inspeccion de codigo" start="@1370642530000" delta="84" />
  <time id="14" path="/Proyecto/SWBStrategy/Productos de Soporte/Revision de checklist de inspeccion de codigo" start="@1370624086000" delta="106" />
  <time id="15" path="/Proyecto/SWBStrategy/Scorecard/Administracion/FormElement Alineacion de Objetivo/- Planeacion Codigo" start="@1370991134339" delta="13" />
  <time id="16" path="/Proyecto/SWBStrategy/Scorecard/Administracion/FormElement Alineacion de Objetivo/- Diseno detallado" start="@1371053930912" delta="11" />
  <time id="17" path="/Proyecto/SWBStrategy/Scorecard/Administracion/FormElement Alineacion de Objetivo/- Diseno detallado" start="@1371054977163" delta="38" interrupt="1" />
  <time id="18" path="/Proyecto/SWBStrategy/Scorecard/Administracion/FormElement Alineacion de Objetivo/- Diseno de pruebas unitarias" start="@1371057715181" delta="30" interrupt="3" />
  <time id="19" path="/Proyecto/SWBStrategy/Scorecard/Administracion/FormElement Alineacion de Objetivo/- Revision de diseno detallado" start="@1371060460915" delta="9" />
  <time id="20" path="/Proyecto/SWBStrategy/Scorecard/Administracion/FormElement Alineacion de Objetivo/- Revision de diseno detallado" start="@1371062098095" delta="15" />
  <time id="21" path="/Proyecto/SWBStrategy/Scorecard/Administracion/FormElement Alineacion de Objetivo/- Codificacion" start="@1371142575616" delta="23" interrupt="2" />
  <time id="22" path="/Proyecto/SWBStrategy/Scorecard/Administracion/FormElement Alineacion de Objetivo/- Codificacion" start="@1371146806274" delta="40" />
  <time id="23" path="/Proyecto/SWBStrategy/Scorecard/Administracion/FormElement Alineacion de Objetivo/- Codificacion" start="@1371160328554" delta="19" />
  <time id="24" path="/Proyecto/SWBStrategy/Scorecard/Administracion/FormElement Alineacion de Objetivo/- Codificacion" start="@1371162307407" delta="11" />
  <time id="25" path="/Proyecto/SWBStrategy/Scorecard/Administracion/FormElement Alineacion de Objetivo/- Codificacion" start="@1371166361349" delta="14" comment="Adición de documentación de código" />
  <time id="26" path="/Proyecto/SWBStrategy/Scorecard/Administracion/FormElement Alineacion de Objetivo/- Revision de codigo" start="@1371221861233" delta="15" />
  <time id="27" path="/Proyecto/SWBStrategy/Scorecard/Administracion/FormElement Alineacion de Objetivo/- Revision de codigo" start="@1371224934269" delta="4" />
  <time id="28" path="/Proyecto/SWBStrategy/Scorecard/Administracion/FormElement Alineacion de Objetivo/- Revision de codigo" start="@1371227226411" delta="8" />
  <time id="29" path="/Proyecto/SWBStrategy/Scorecard/Administracion/FormElement Alineacion de Objetivo/- Revision de codigo" start="@1371229109585" delta="11" />
  <time id="30" path="/Proyecto/SWBStrategy/Scorecard/Administracion/FormElement Alineacion de Objetivo/- Revision de codigo" start="@1371230453840" delta="19" />
  <time id="31" path="/Proyecto/SWBStrategy/Scorecard/Administracion/FormElement Alineacion de Objetivo/- Pruebas unitarias" start="@1371233354237" delta="54" />
  <time id="32" path="/Proyecto/SWBStrategy/Scorecard/Administracion/FormElement Alineacion de Objetivo/- Pruebas unitarias" start="@1371244442307" delta="20" />
  <time id="33" path="/Proyecto/SWBStrategy/Scorecard/Administracion/FormElement Alineacion de Objetivo/- Postmortem Codigo" start="@1371246032453" delta="2" />
  <time id="34" path="/Proyecto/SWBStrategy/Scorecard/Administracion/FormElement Alineacion de Objetivo/- Postmortem Codigo" start="@1371247066997" delta="7" interrupt="3" />
  <time id="35" path="/Proyecto/SWBStrategy/Scorecard/Administracion/Casos de prueba integrales para FormElement/- Planeacion documento PI" start="@1371315265000" delta="8" />
  <time id="36" path="/Proyecto/SWBStrategy/Scorecard/Administracion/Casos de prueba integrales para FormElement/- Disenar Caso de Prueba" start="@1371316492000" delta="10" />
  <time id="37" path="/Proyecto/SWBStrategy/Scorecard/Administracion/Casos de prueba integrales para FormElement/- Escribir Caso de Prueba" start="@1371317328000" delta="15" />
  <time id="38" path="/Proyecto/SWBStrategy/Scorecard/Administracion/Casos de prueba integrales para FormElement/- Revision de Caso de Prueba" start="@1371318332000" delta="8" />
  <time id="39" path="/Proyecto/SWBStrategy/Scorecard/Administracion/Casos de prueba integrales para FormElement/- Postmortem documento PI" start="@1371318825000" delta="10" />
  <time id="40" path="/Proyecto/SWBStrategy/Scorecard/Administracion/Casos de prueba integrales para FormElement/- Planeacion de la ejecucion PI" start="@1371319558000" delta="7" />
  <time id="41" path="/Proyecto/SWBStrategy/Scorecard/Administracion/Casos de prueba integrales para FormElement/- Ejecucion de pruebas" start="@1371320810000" delta="12" />
  <time id="42" path="/Proyecto/SWBStrategy/Scorecard/Administracion/Casos de prueba integrales para FormElement/- Revision del reporte generado" start="@1371321563000" delta="8" />
  <time id="43" path="/Proyecto/SWBStrategy/Scorecard/Administracion/Casos de prueba integrales para FormElement/- Preparacion de pruebas" start="@1371319982000" delta="12" />
  <time id="45" path="/Proyecto/SWBStrategy/Scorecard/Administracion/Casos de prueba integrales para FormElement/- Postmortem de la ejecucion PI" start="@1371322161000" delta="9" />
  <time id="46" path="/Proyecto/SWBStrategy/Temas Estrategicos/Administracion/Implementacion en ontologia/- Planeacion y entendimiento" start="@1371507325000" delta="13" />
  <time id="47" path="/Proyecto/SWBStrategy/Temas Estrategicos/Administracion/Implementacion en ontologia/- Diseno de Ontologia" start="@1371510322366" delta="58" />
  <time id="48" path="/Proyecto/SWBStrategy/Temas Estrategicos/Administracion/Implementacion en ontologia/- Diseno de Ontologia" start="@1371567797129" delta="17" />
  <time id="49" path="/Proyecto/SWBStrategy/Temas Estrategicos/Administracion/Implementacion en ontologia/- Revision de diseno de Ontologia" start="@1371569003862" delta="13" />
  <time id="50" path="/Proyecto/SWBStrategy/Temas Estrategicos/Administracion/Implementacion en ontologia/- Diseno de pruebas unitarias" start="@1371571782595" delta="48" interrupt="2" />
  <time id="51" path="/Proyecto/SWBStrategy/Temas Estrategicos/Administracion/Implementacion en ontologia/- Codificacion" start="@1371577366435" delta="23" />
  <time id="52" path="/Proyecto/SWBStrategy/Temas Estrategicos/Administracion/Implementacion en ontologia/- Revision de codigo" start="@1371578832294" delta="10" />
  <time id="53" path="/Proyecto/SWBStrategy/Temas Estrategicos/Administracion/Implementacion en ontologia/- Generacion de Codigo" start="@1371579469474" delta="4" />
  <time id="54" path="/Proyecto/SWBStrategy/Temas Estrategicos/Administracion/Implementacion en ontologia/- Pruebas" start="@1371592369222" delta="15" />
  <time id="55" path="/Proyecto/SWBStrategy/Temas Estrategicos/Administracion/Implementacion en ontologia/- Pruebas" start="@1371594251957" delta="27" />
  <time id="56" path="/Proyecto/SWBStrategy/Temas Estrategicos/Administracion/Implementacion en ontologia/- Postmortem" start="@1371597201447" delta="15" />
  <time id="57" path="/Proyecto/SWBStrategy/Temas Estrategicos/Administracion/Casos de prueba integrales/- Planeacion documento PI" start="@1371598523553" delta="11" />
  <time id="58" path="/Proyecto/SWBStrategy/Temas Estrategicos/Administracion/Casos de prueba integrales/- Disenar Caso de Prueba" start="@1371599239896" delta="7" />
  <time id="59" path="/Proyecto/SWBStrategy/Temas Estrategicos/Administracion/Casos de prueba integrales/- Escribir Caso de Prueba" start="@1371654706732" delta="33" interrupt="2" />
  <time id="60" path="/Proyecto/SWBStrategy/Temas Estrategicos/Administracion/Casos de prueba integrales/- Revision de Caso de Prueba" start="@1371656924321" delta="15" />
  <time id="61" path="/Proyecto/SWBStrategy/Temas Estrategicos/Administracion/Casos de prueba integrales/- Postmortem documento PI" start="@1371657861000" delta="7" />
  <time id="62" path="/Proyecto/SWBStrategy/Temas Estrategicos/Administracion/Casos de prueba integrales/- Planeacion de la ejecucion PI" start="@1371658434000" delta="2" />
  <time id="63" path="/Proyecto/SWBStrategy/Temas Estrategicos/Administracion/Casos de prueba integrales/- Preparacion de pruebas" start="@1371658614000" delta="11" />
  <time id="64" path="/Proyecto/SWBStrategy/Temas Estrategicos/Administracion/Casos de prueba integrales/- Ejecucion de pruebas" start="@1371659321000" delta="29" />
  <time id="65" path="/Proyecto/SWBStrategy/Temas Estrategicos/Administracion/Casos de prueba integrales/- Revision del reporte generado" start="@1371661169000" delta="12" />
  <time id="66" path="/Proyecto/SWBStrategy/Temas Estrategicos/Administracion/Casos de prueba integrales/- Postmortem de la ejecucion PI" start="@1371661537000" delta="8" />
  <time id="67" path="/Proyecto/SWBStrategy/Productos de Soporte/Revisión de defectos registrados para checklists" start="@1371681659000" delta="48" />
  <time id="68" path="/Proyecto/SWBStrategy/Productos de Soporte/Revisión de defectos registrados para checklists" start="@1371740527000" delta="63" />
  <time id="69" path="/Proyecto/SWBStrategy/Periodos/Administracion/Implementacion en ontologia/- Planeacion y entendimiento" start="@1371826939766" delta="21" />
  <time id="70" path="/Proyecto/SWBStrategy/Periodos/Administracion/Implementacion en ontologia/- Diseno de pruebas unitarias" start="@1371828214242" delta="72" interrupt="5" comment="Consulta de Martha por una cuestión de la ontología" />
  <time id="71" path="/Proyecto/SWBStrategy/Periodos/Administracion/Implementacion en ontologia/- Diseno de pruebas unitarias" start="@1371833913000" delta="30" />
  <time id="72" path="/Proyecto/SWBStrategy/Periodos/Administracion/FormElement Fecha de Inicio/- Planeacion Codigo" start="@1371838984848" delta="12" />
  <time id="73" path="/Proyecto/SWBStrategy/Periodos/Administracion/FormElement Fecha de Inicio/- Diseno de pruebas unitarias" start="@1371839695327" delta="14" />
  <time id="74" path="/Proyecto/SWBStrategy/Periodos/Administracion/FormElement Fecha de Inicio/- Diseno de pruebas unitarias" start="@1371851666322" delta="15" interrupt="5" />
  <time id="75" path="/Proyecto/SWBStrategy/Periodos/Administracion/FormElement Fecha de Inicio/- Diseno detallado" start="@1371854219316" delta="23" />
  <time id="76" path="/Proyecto/SWBStrategy/Periodos/Administracion/FormElement Fecha de Inicio/- Revision de diseno detallado" start="@1371858533773" delta="12" />
  <time id="77" path="/Proyecto/SWBStrategy/Periodos/Administracion/FormElement Fecha de Inicio/- Codificacion" start="@1371941893030" delta="43" />
  <time id="78" path="/Proyecto/SWBStrategy/Periodos/Administracion/FormElement Fecha de Inicio/- Revision de codigo" start="@1371944477629" delta="2" />
  <time id="79" path="/Proyecto/SWBStrategy/Periodos/Administracion/FormElement Fecha de Inicio/- Revision de codigo" start="@1371961425591" delta="20" />
  <time id="80" path="/Proyecto/SWBStrategy/Periodos/Administracion/FormElement Fecha de Inicio/- Pruebas unitarias" start="@1371962637217" delta="22" />
  <time id="81" path="/Proyecto/SWBStrategy/Periodos/Administracion/FormElement Fecha de Inicio/- Pruebas unitarias" start="@1372172886000" delta="217" />
  <time id="82" path="/Proyecto/SWBStrategy/Periodos/Administracion/FormElement Fecha de Inicio/- Pruebas unitarias" start="@1372194712089" delta="38" interrupt="2" />
  <time id="83" path="/Proyecto/SWBStrategy/Periodos/Administracion/FormElement Fecha de Inicio/- Pruebas unitarias" start="@1372198083574" delta="26" />
  <time id="84" path="/Proyecto/SWBStrategy/Periodos/Administracion/FormElement Fecha de Inicio/- Pruebas unitarias" start="@1372200572344" delta="12" />
  <time id="85" path="/Proyecto/SWBStrategy/Periodos/Administracion/FormElement Fecha de Inicio/- Postmortem Codigo" start="@1372201295673" delta="2" />
  <time id="86" path="/Proyecto/SWBStrategy/Periodos/Administracion/FormElement Fecha de Inicio/- Postmortem Codigo" start="@1372204491917" delta="13" />
  <time id="87" path="/Proyecto/SWBStrategy/Periodos/Administracion/Implementacion en ontologia/- Diseno en Ontologia" start="@1372265837868" delta="9" />
  <time id="88" path="/Proyecto/SWBStrategy/Periodos/Administracion/Implementacion en ontologia/- Diseno en Ontologia" start="@1372266889058" delta="17" />
  <time id="89" path="/Proyecto/SWBStrategy/Periodos/Administracion/Implementacion en ontologia/- Revision de diseno en Ontologias" start="@1372269579294" delta="16" />
  <time id="90" path="/Proyecto/SWBStrategy/Periodos/Administracion/Implementacion en ontologia/- Codificacion" start="@1372271678357" delta="23" />
  <time id="91" path="/Proyecto/SWBStrategy/Periodos/Administracion/Implementacion en ontologia/- Revision de codigo" start="@1372273447000" delta="19" />
  <time id="93" path="/Proyecto/SWBStrategy/Periodos/Administracion/Implementacion en ontologia/- Generacion de Codigo" start="@1372281947961" delta="4" />
  <time id="94" path="/Proyecto/SWBStrategy/Periodos/Administracion/Implementacion en ontologia/- Pruebas" start="@1372282403525" delta="21" />
  <time id="95" path="/Proyecto/SWBStrategy/Periodos/Administracion/Implementacion en ontologia/- Pruebas" start="@1372284038365" delta="40" />
  <time id="96" path="/Proyecto/SWBStrategy/Periodos/Administracion/Implementacion en ontologia/- Pruebas" start="@1372287766373" delta="31" />
  <time id="97" path="/Proyecto/SWBStrategy/Periodos/Administracion/Implementacion en ontologia/- Postmortem" start="@1372347411297" delta="12" interrupt="18" />
  <time id="98" path="/Proyecto/SWBStrategy/Periodicidades/Administracion/Implementacion en ontologia/- Planeacion y entendimiento" start="@1372361547062" delta="7" />
  <time id="99" path="/Proyecto/SWBStrategy/Periodicidades/Administracion/Implementacion en ontologia/- Diseno de pruebas unitarias" start="@1372361942535" delta="2" interrupt="188" />
  <time id="100" path="/Proyecto/SWBStrategy/Periodicidades/Administracion/Implementacion en ontologia/- Diseno de pruebas unitarias" start="@1372432470790" delta="23" interrupt="3" />
  <time id="101" path="/Proyecto/SWBStrategy/Periodicidades/Administracion/Implementacion en ontologia/- Diseno de pruebas unitarias" start="@1372436576718" delta="20" />
  <time id="102" path="/Proyecto/SWBStrategy/Periodicidades/Administracion/Implementacion en ontologia/- Diseno de Ontologia" start="@1372440012237" delta="25" />
  <time id="103" path="/Proyecto/SWBStrategy/Periodicidades/Administracion/Implementacion en ontologia/- Revision de diseno de Ontologia" start="@1372441511833" delta="17" />
  <time id="104" path="/Proyecto/SWBStrategy/Periodicidades/Administracion/Implementacion en ontologia/- Codificacion" start="@1372442549024" delta="28" />
  <time id="105" path="/Proyecto/SWBStrategy/Periodicidades/Administracion/Implementacion en ontologia/- Revision de codigo" start="@1372455442298" delta="12" />
  <time id="106" path="/Proyecto/SWBStrategy/Periodicidades/Administracion/Implementacion en ontologia/- Generacion de Codigo" start="@1372457631793" delta="2" />
  <time id="107" path="/Proyecto/SWBStrategy/Periodicidades/Administracion/Implementacion en ontologia/- Pruebas" start="@1372457998059" delta="77" />
  <time id="108" path="/Proyecto/SWBStrategy/Objetivos/Vista resumen/Configuracion/- Planeacion Codigo" start="@1372618044000" delta="21" />
  <time id="109" path="/Proyecto/SWBStrategy/Objetivos/Vista resumen/Configuracion/- Diseno de pruebas unitarias" start="@1372620023000" delta="94" />
  <time id="110" path="/Proyecto/SWBStrategy/Objetivos/Vista resumen/Configuracion/- Diseno detallado" start="@1372651651000" delta="40" />
  <time id="111" path="/Proyecto/SWBStrategy/Objetivos/Vista resumen/Configuracion/- Diseno detallado" start="@1372717257607" delta="88" />
  <time id="112" path="/Proyecto/SWBStrategy/Objetivos/Vista resumen/Configuracion/- Diseno detallado" start="@1372799291556" delta="65" interrupt="9" />
  <time id="113" path="/Proyecto/SWBStrategy/Objetivos/Vista resumen/Configuracion/- Diseno detallado" start="@1372806497949" delta="50" />
  <time id="114" path="/Proyecto/SWBStrategy/Objetivos/Vista resumen/Configuracion/- Diseno detallado" start="@1372862153234" delta="22" />
  <time id="115" path="/Proyecto/SWBStrategy/Objetivos/Vista resumen/Configuracion/- Diseno detallado" start="@1372891765741" delta="23" />
  <time id="116" path="/Proyecto/SWBStrategy/Objetivos/Vista resumen/Configuracion/- Diseno detallado" start="@1372893828505" delta="12" />
  <time id="117" path="/Proyecto/SWBStrategy/Objetivos/Vista resumen/Configuracion/- Diseno detallado" start="@1372956281816" delta="54" />
  <time id="118" path="/Proyecto/SWBStrategy/Objetivos/Vista resumen/Configuracion/- Diseno detallado" start="@1372962022414" delta="4" />
  <time id="119" path="/Proyecto/SWBStrategy/Objetivos/Vista resumen/Configuracion/- Diseno detallado" start="@1372963318510" delta="15" />
  <time id="120" path="/Proyecto/SWBStrategy/Objetivos/Vista resumen/Configuracion/- Diseno detallado" start="@1372974530373" delta="30" />
  <time id="121" path="/Proyecto/SWBStrategy/Objetivos/Vista resumen/Configuracion/- Diseno detallado" start="@1372976901754" delta="3" />
  <time id="122" path="/Proyecto/SWBStrategy/Objetivos/Vista resumen/Configuracion/- Diseno detallado" start="@1372979809647" delta="19" interrupt="4" />
  <time id="123" path="/Proyecto/SWBStrategy/Objetivos/Vista resumen/Configuracion/- Diseno detallado" start="@1372981422445" delta="12" />
  <time id="124" path="/Proyecto/SWBStrategy/Objetivos/Vista resumen/Configuracion/- Diseno detallado" start="@1373037077044" delta="10" />
  <time id="125" path="/Proyecto/SWBStrategy/Objetivos/Vista resumen/Configuracion/- Diseno detallado" start="@1373046070154" delta="87" />
  <time id="126" path="/Proyecto/SWBStrategy/Productos de Soporte/Prototipo de vistas Resumen" start="@1373059376866" delta="64" />
  <time id="127" path="/Proyecto/SWBStrategy/Productos de Soporte/Prototipo de vistas Resumen" start="@1373065789171" delta="19" />
  <time id="128" path="/Proyecto/SWBStrategy/Productos de Soporte/Reuniones de proyecto" start="@1372867200000" delta="90" comment="Reunión semanal con cliente. Concepto: Activado/Desactivado y Estados asignados a objetivos." />
  <time id="129" path="/Proyecto/SWBStrategy/Productos de Soporte/Reuniones de proyecto" start="@1372720821000" delta="40" comment="Sesión sobre requerimientos y reglas de negocio no establecidas en el documento de diseño." />
  <time id="130" path="/Proyecto/SWBStrategy/Productos de Soporte/Reuniones de proyecto" start="@1372888800000" delta="60" comment="Sesión para aclarar puntos específicos del funcionamiento de la tabla de datos." />
  <time id="131" path="/Proyecto/SWBStrategy/Productos de Soporte/Reuniones de proyecto" start="@1373045896000" delta="69" comment="Sesión sobre cómo implementar las vistas resumen y detalle." />
  <time id="132" path="/Proyecto/SWBStrategy/Productos de Soporte/Apoyo a compañeros del Equipo - JRJN" start="@1372957597000" delta="60" comment="Apoyo a Martha sobre el patrón de diseño: decorador a implementar en el mapa estratégico." />
  <time id="133" path="/Proyecto/SWBStrategy/Productos de Soporte/Apoyo a compañeros del Equipo - JRJN" start="@1373083620000" delta="68" comment="Apoyo solicitado a Martha para conocer la forma de implementar un recurso dedicado a la administración." />
  <time id="134" path="/Proyecto/SWBStrategy/Productos de Soporte/Prototipo de vistas Resumen" start="@1373296112000" delta="120" />
  <time id="135" path="/Proyecto/SWBStrategy/Productos de Soporte/Checklist para el proceso de Ejecucion de pruebas integrales" start="@1370473287000" delta="42" />
  <time id="136" path="/Proyecto/SWBStrategy/Productos de Soporte/Reuniones de proyecto" start="@1373472011000" delta="60" comment="Reunión semanal con cliente. Aclaración de concepto ordenar (en realidad, filtrar) en vistas resumen y criterios para presentar estados en periodos futuros." />
  <time id="137" path="/Proyecto/SWBStrategy/Productos de Soporte/Prototipo de vistas Resumen" start="@1373411391000" delta="90" />
  <time id="138" path="/Proyecto/SWBStrategy/Productos de Soporte/Prototipo de vistas Resumen" start="@1373478585220" delta="54" />
  <time id="139" path="/Proyecto/SWBStrategy/Productos de Soporte/Prototipo de vistas Resumen" start="@1373490977137" delta="56" />
  <time id="140" path="/Proyecto/SWBStrategy/Productos de Soporte/Prototipo de vistas Resumen" start="@1373596503000" delta="85" />
  <time id="141" path="/Proyecto/SWBStrategy/Productos de Soporte/Prototipo de vistas Resumen" start="@1373650406586" delta="55" />
  <time id="142" path="/Proyecto/SWBStrategy/Objetivos/Vista resumen/Configuracion/- Diseno detallado" start="@1373664793436" delta="38" />
  <time id="143" path="/Proyecto/SWBStrategy/Objetivos/Vista resumen/Configuracion/- Diseno detallado" start="@1373671799388" delta="29" />
  <time id="144" path="/Proyecto/SWBStrategy/Objetivos/Vista resumen/Configuracion/- Revision de diseno detallado" start="@1373756442000" delta="170" />
  <time id="145" path="/Proyecto/SWBStrategy/Objetivos/Vista resumen/Configuracion/- Revision de diseno detallado" start="@1373771467000" delta="110" />
</timeLogEntries>
