<?xml version='1.0' encoding='UTF-8' ?>
<timeLogEntries>
  <time id="1" path="/Proyecto/SWBStrategy/Productos de Soporte/Scripts para el proceso de Desarrollo de documentos de pruebas integrales" start="@1370272510669" delta="11" interrupt="1" />
  <time id="2" path="/Proyecto/SWBStrategy/Productos de Soporte/Scripts para el proceso de Desarrollo de documentos de pruebas integrales" start="@1370273745783" delta="37" />
  <time id="3" path="/Proyecto/SWBStrategy/Productos de Soporte/Scripts para el proceso de Desarrollo de documentos de pruebas integrales" start="@1370276704457" delta="12" />
  <time id="4" path="/Proyecto/SWBStrategy/Productos de Soporte/Scripts para el proceso de Ejecucion de pruebas integrales" start="@1370278766571" delta="2" />
  <time id="5" path="/Proyecto/SWBStrategy/Productos de Soporte/Scripts para el proceso de Ejecucion de pruebas integrales" start="@1370280133236" delta="26" />
  <time id="6" path="/Proyecto/SWBStrategy/Productos de Soporte/Scripts para el proceso de Ejecucion de pruebas integrales" start="@1370282189938" delta="15" />
  <time id="7" path="/Proyecto/SWBStrategy/Scorecard/Administracion/Implementacion en ontologia/- Planeacion y entendimiento" start="@1370301595809" delta="20" />
  <time id="8" path="/Proyecto/SWBStrategy/Scorecard/Administracion/Implementacion en ontologia/- Planeacion y entendimiento" start="@1370304812948" delta="32" />
  <time id="9" path="/Proyecto/SWBStrategy/Scorecard/Administracion/Implementacion en ontologia/- Planeacion y entendimiento" start="@1370370830917" delta="32" />
  <time id="10" path="/Proyecto/SWBStrategy/Scorecard/Administracion/Implementacion en ontologia/- Planeacion y entendimiento" start="@1370376395236" delta="4" />
  <time id="11" path="/Proyecto/SWBStrategy/Scorecard/Administracion/Implementacion en ontologia/- Planeacion y entendimiento" start="@1370377211157" delta="4" />
  <time id="12" path="/Proyecto/SWBStrategy/Scorecard/Administracion/Implementacion en ontologia/- Diseno de pruebas unitarias" start="@1370377465808" delta="89" interrupt="13" />
  <time id="13" path="/Proyecto/SWBStrategy/Scorecard/Administracion/Implementacion en ontologia/- Codificacion" start="@1370384243108" delta="52" />
  <time id="14" path="/Proyecto/SWBStrategy/Scorecard/Administracion/Implementacion en ontologia/- Revision de codigo" start="@1370389398075" delta="18" />
  <time id="15" path="/Proyecto/SWBStrategy/Scorecard/Administracion/Implementacion en ontologia/- Revision de codigo" start="@1370391046010" delta="13" />
  <time id="16" path="/Proyecto/SWBStrategy/Scorecard/Administracion/Implementacion en ontologia/- Pruebas" start="@1370393251581" delta="21" interrupt="877" />
  <time id="17" path="/Proyecto/SWBStrategy/Scorecard/Administracion/Implementacion en ontologia/- Pruebas" start="@1370449629930" delta="8" />
  <time id="18" path="/Proyecto/SWBStrategy/Scorecard/Administracion/Implementacion en ontologia/- Postmortem" start="@1370450102721" delta="3" />
  <time id="19" path="/Proyecto/SWBStrategy/Perspectivas/Administracion/Implementacion en ontologia/- Planeacion y entendimiento" start="@1370451189367" delta="1" />
  <time id="20" path="/Proyecto/SWBStrategy/Perspectivas/Administracion/Implementacion en ontologia/- Planeacion y entendimiento" start="@1370452126546" delta="10" interrupt="7" />
  <time id="21" path="/Proyecto/SWBStrategy/Perspectivas/Administracion/Implementacion en ontologia/- Planeacion y entendimiento" start="@1370453502632" delta="17" />
  <time id="22" path="/Proyecto/SWBStrategy/Perspectivas/Administracion/Implementacion en ontologia/- Diseno de pruebas unitarias" start="@1370456863589" delta="45" />
  <time id="23" path="/Proyecto/SWBStrategy/Perspectivas/Administracion/Implementacion en ontologia/- Diseno de pruebas unitarias" start="@1370471223121" delta="25" interrupt="1" />
  <time id="24" path="/Proyecto/SWBStrategy/Perspectivas/Administracion/Implementacion en ontologia/- Codificacion" start="@1370482186804" delta="18" />
  <time id="25" path="/Proyecto/SWBStrategy/Perspectivas/Administracion/Implementacion en ontologia/- Codificacion" start="@1370536423439" delta="20" />
  <time id="26" path="/Proyecto/SWBStrategy/Perspectivas/Administracion/Implementacion en ontologia/- Revision de codigo" start="@1370639281870" delta="19" />
  <time id="27" path="/Proyecto/SWBStrategy/Perspectivas/Administracion/Implementacion en ontologia/- Pruebas" start="@1370640483418" delta="29" />
  <time id="28" path="/Proyecto/SWBStrategy/Estados de semaforos/Implementacion en ontologia/- Planeacion y entendimiento" start="@1370653376854" delta="23" />
  <time id="29" path="/Proyecto/SWBStrategy/Estados de semaforos/Implementacion en ontologia/- Planeacion y entendimiento" start="@1370901301226" delta="9" />
  <time id="30" path="/Proyecto/SWBStrategy/Estados de semaforos/Implementacion en ontologia/- Planeacion y entendimiento" start="@1370906053048" delta="22" />
  <time id="31" path="/Proyecto/SWBStrategy/Estados de semaforos/Implementacion en ontologia/- Diseno de pruebas unitarias" start="@1370918309588" delta="3" />
  <time id="32" path="/Proyecto/SWBStrategy/Estados de semaforos/Implementacion en ontologia/- Codificacion" start="@1370918492723" delta="2" interrupt="1" />
  <time id="33" path="/Proyecto/SWBStrategy/Estados de semaforos/Implementacion en ontologia/- Codificacion" start="@1370918929204" delta="7" />
  <time id="34" path="/Proyecto/SWBStrategy/Estados de semaforos/Implementacion en ontologia/- Revision de codigo" start="@1370919370281" delta="3" />
  <time id="35" path="/Proyecto/SWBStrategy/Estados de semaforos/Implementacion en ontologia/- Pruebas" start="@1370919564434" delta="5" />
  <time id="36" path="/Proyecto/SWBStrategy/Estados de semaforos/Implementacion en ontologia/- Pruebas" start="@1370984398082" delta="2" />
  <time id="37" path="/Proyecto/SWBStrategy/Estados de semaforos/Implementacion en ontologia/- Postmortem" start="@1370984496823" delta="2" />
  <time id="38" path="/Proyecto/SWBStrategy/Estados de semaforos/Asignacion de estados de semaforos a los elementos deseados (objetivos, indicadores, entregables)/- Planeacion Codigo" start="@1370986330285" delta="2" />
  <time id="39" path="/Proyecto/SWBStrategy/Estados de semaforos/Asignacion de estados de semaforos a los elementos deseados (objetivos, indicadores, entregables)/- Planeacion Codigo" start="@1370986818756" delta="14" interrupt="1" />
  <time id="40" path="/Proyecto/SWBStrategy/Estados de semaforos/Asignacion de estados de semaforos a los elementos deseados (objetivos, indicadores, entregables)/- Diseno de pruebas unitarias" start="@1370987754087" delta="3" />
  <time id="41" path="/Proyecto/SWBStrategy/Estados de semaforos/Asignacion de estados de semaforos a los elementos deseados (objetivos, indicadores, entregables)/- Diseno de pruebas unitarias" start="@1370990797377" delta="7" />
  <time id="42" path="/Proyecto/SWBStrategy/Estados de semaforos/Asignacion de estados de semaforos a los elementos deseados (objetivos, indicadores, entregables)/- Diseno de pruebas unitarias" start="@1370991813342" delta="4" interrupt="14" />
  <time id="43" path="/Proyecto/SWBStrategy/Estados de semaforos/Asignacion de estados de semaforos a los elementos deseados (objetivos, indicadores, entregables)/- Diseno detallado" start="@1370992936745" delta="5" />
  <time id="44" path="/Proyecto/SWBStrategy/Estados de semaforos/Asignacion de estados de semaforos a los elementos deseados (objetivos, indicadores, entregables)/- Diseno detallado" start="@1370994356069" delta="4" />
  <time id="45" path="/Proyecto/SWBStrategy/Estados de semaforos/FormElement ordinal para estados/- Planeacion Codigo" start="@1370915461000" delta="3" />
  <time id="46" path="/Proyecto/SWBStrategy/Estados de semaforos/FormElement ordinal para estados/- Diseno de pruebas unitarias" start="@1370915714000" delta="5" />
  <time id="48" path="/Proyecto/SWBStrategy/Estados de semaforos/FormElement ordinal para estados/- Diseno detallado" start="@1370915953000" delta="11" interrupt="49" />
  <time id="50" path="/Proyecto/SWBStrategy/Estados de semaforos/FormElement ordinal para estados/- Revision de diseno detallado" start="@1370969808000" delta="7" />
  <time id="51" path="/Proyecto/SWBStrategy/Estados de semaforos/FormElement ordinal para estados/- Codificacion" start="@1371006587000" delta="19" />
  <time id="52" path="/Proyecto/SWBStrategy/Estados de semaforos/FormElement ordinal para estados/- Codificacion" start="@1371051224855" delta="4" interrupt="10" />
  <time id="53" path="/Proyecto/SWBStrategy/Estados de semaforos/FormElement ordinal para estados/- Codificacion" start="@1371052865719" delta="3" />
  <time id="54" path="/Proyecto/SWBStrategy/Estados de semaforos/FormElement ordinal para estados/- Codificacion" start="@1371054447326" delta="8" interrupt="2" />
  <time id="55" path="/Proyecto/SWBStrategy/Estados de semaforos/FormElement ordinal para estados/- Revision de codigo" start="@1371055064498" delta="4" interrupt="10" />
  <time id="56" path="/Proyecto/SWBStrategy/Estados de semaforos/FormElement ordinal para estados/- Revision de codigo" start="@1371059651550" delta="17" />
  <time id="57" path="/Proyecto/SWBStrategy/Estados de semaforos/FormElement ordinal para estados/- Pruebas unitarias" start="@1371060662562" delta="3" />
  <time id="58" path="/Proyecto/SWBStrategy/Estados de semaforos/FormElement ordinal para estados/- Pruebas unitarias" start="@1371069847981" delta="6" />
  <time id="59" path="/Proyecto/SWBStrategy/Estados de semaforos/FormElement ordinal para estados/- Postmortem Codigo" start="@1371070204848" delta="2" />
  <time id="60" path="/Proyecto/SWBStrategy/Perspectivas/Administracion/FormElement Orden/- Planeacion Codigo" start="@1370569902000" delta="4" />
  <time id="61" path="/Proyecto/SWBStrategy/Perspectivas/Administracion/FormElement Orden/- Diseno de pruebas unitarias" start="@1370840400000" delta="4" />
  <time id="62" path="/Proyecto/SWBStrategy/Perspectivas/Administracion/FormElement Orden/- Diseno detallado" start="@1370840400000" delta="11" />
  <time id="63" path="/Proyecto/SWBStrategy/Perspectivas/Administracion/FormElement Orden/- Revision de diseno detallado" start="@1370840400000" delta="14" />
  <time id="65" path="/Proyecto/SWBStrategy/Perspectivas/Administracion/FormElement Orden/- Codificacion" start="@1370926800000" delta="31" />
  <time id="66" path="/Proyecto/SWBStrategy/Perspectivas/Administracion/FormElement Orden/- Codificacion" start="@1370840400000" delta="4" />
  <time id="67" path="/Proyecto/SWBStrategy/Perspectivas/Administracion/FormElement Orden/- Revision de codigo" start="@1370926800000" delta="16" />
  <time id="68" path="/Proyecto/SWBStrategy/Perspectivas/Administracion/FormElement Orden/- Codificacion" start="@1370840400000" delta="23" />
  <time id="69" path="/Proyecto/SWBStrategy/Perspectivas/Administracion/FormElement Orden/- Codificacion" start="@1370840400000" delta="47" />
  <time id="70" path="/Proyecto/SWBStrategy/Perspectivas/Administracion/FormElement Orden/- Pruebas unitarias" start="@1370926800000" delta="21" />
  <time id="71" path="/Proyecto/SWBStrategy/Perspectivas/Administracion/FormElement Orden/- Postmortem Codigo" start="@1370926800000" delta="3" />
  <time id="72" path="/Proyecto/SWBStrategy/Estados de semaforos/Grupo de Estados/- Planeacion y entendimiento Ontologia" start="@1370906708000" delta="20" />
  <time id="73" path="/Proyecto/SWBStrategy/Estados de semaforos/Grupo de Estados/- Planeacion y entendimiento Ontologia" start="@1370866140000" delta="49" />
  <time id="74" path="/Proyecto/SWBStrategy/Perspectivas/Administracion/FormElement Orden/- Diseno de pruebas unitarias" start="@1370570100000" delta="4" />
  <time id="75" path="/Proyecto/SWBStrategy/Perspectivas/Administracion/FormElement Orden/- Diseno detallado" start="@1370570340000" delta="11" />
  <time id="76" path="/Proyecto/SWBStrategy/Perspectivas/Administracion/FormElement Orden/- Revision de diseno detallado" start="@1370624160000" delta="7" />
  <time id="77" path="/Proyecto/SWBStrategy/Perspectivas/Administracion/FormElement Orden/- Codificacion" start="@1370624700000" delta="31" />
  <time id="78" path="/Proyecto/SWBStrategy/Perspectivas/Administracion/FormElement Orden/- Codificacion" start="@1370627640000" delta="4" />
  <time id="79" path="/Proyecto/SWBStrategy/Perspectivas/Administracion/FormElement Orden/- Codificacion" start="@1370628660000" delta="23" />
  <time id="80" path="/Proyecto/SWBStrategy/Perspectivas/Administracion/FormElement Orden/- Codificacion" start="@1370644080000" delta="47" />
  <time id="81" path="/Proyecto/SWBStrategy/Perspectivas/Administracion/FormElement Orden/- Revision de codigo" start="@1370647080000" delta="16" />
  <time id="82" path="/Proyecto/SWBStrategy/Perspectivas/Administracion/FormElement Orden/- Pruebas unitarias" start="@1370650680000" delta="21" />
  <time id="83" path="/Proyecto/SWBStrategy/Perspectivas/Administracion/FormElement Orden/- Postmortem Codigo" start="@1370653140000" delta="3" />
  <time id="84" path="/Proyecto/SWBStrategy/Estados de semaforos/Grupo de Estados/- Planeacion y entendimiento Ontologia" start="@1370647500000" delta="20" />
  <time id="85" path="/Proyecto/SWBStrategy/Estados de semaforos/Grupo de Estados/- Planeacion y entendimiento Ontologia" start="@1370650140000" delta="50" />
  <time id="87" path="/Proyecto/SWBStrategy/Estados de semaforos/Grupo de Estados/- Diseno de pruebas unitarias" start="@1370655780000" delta="54" />
  <time id="88" path="/Proyecto/SWBStrategy/Estados de semaforos/Grupo de Estados/- Codificacion" start="@1370659380000" delta="3" />
  <time id="89" path="/Proyecto/SWBStrategy/Estados de semaforos/Grupo de Estados/- Revision de codigo" start="@1370617020000" delta="1" />
  <time id="90" path="/Proyecto/SWBStrategy/Estados de semaforos/Grupo de Estados/- Generacion de Codigo" start="@1370617080000" delta="1" />
  <time id="91" path="/Proyecto/SWBStrategy/Estados de semaforos/Grupo de Estados/- Pruebas" start="@1370969940000" delta="5" />
  <time id="92" path="/Proyecto/SWBStrategy/Estados de semaforos/Grupo de Estados/- Postmortem Ontologia" start="@1370970240000" delta="1" />
  <time id="95" path="/Proyecto/SWBStrategy/Scorecard/Administracion/FormElement Ayuda/- Planeacion Codigo" start="@1370533836000" delta="5" />
  <time id="96" path="/Proyecto/SWBStrategy/Scorecard/Administracion/FormElement Ayuda/- Diseno de pruebas unitarias" start="@1370534145000" delta="36" />
  <time id="97" path="/Proyecto/SWBStrategy/Scorecard/Administracion/FormElement Ayuda/- Diseno detallado" start="@1370537029000" delta="16" />
  <time id="98" path="/Proyecto/SWBStrategy/Scorecard/Administracion/FormElement Ayuda/- Revision de diseno detallado" start="@1370537998000" delta="4" />
  <time id="99" path="/Proyecto/SWBStrategy/Scorecard/Administracion/FormElement Ayuda/- Codificacion" start="@1370538873000" delta="12" />
  <time id="100" path="/Proyecto/SWBStrategy/Scorecard/Administracion/FormElement Ayuda/- Revision de codigo" start="@1370539562000" delta="4" />
  <time id="101" path="/Proyecto/SWBStrategy/Scorecard/Administracion/FormElement Ayuda/- Pruebas unitarias" start="@1370539821000" delta="5" />
  <time id="102" path="/Proyecto/SWBStrategy/Scorecard/Administracion/FormElement Ayuda/- Postmortem Codigo" start="@1370540152000" delta="2" />
  <time id="103" path="/Proyecto/SWBStrategy/Estados de semaforos/Asignacion de estados de semaforos a los elementos deseados (objetivos, indicadores, entregables)/- Diseno detallado" start="@1371508069996" delta="2" />
  <time id="104" path="/Proyecto/SWBStrategy/Estados de semaforos/Asignacion de estados de semaforos a los elementos deseados (objetivos, indicadores, entregables)/- Diseno detallado" start="@1371509020720" delta="47" interrupt="1" />
  <time id="105" path="/Proyecto/SWBStrategy/Estados de semaforos/Asignacion de estados de semaforos a los elementos deseados (objetivos, indicadores, entregables)/- Revision de diseno detallado" start="@1371511908971" delta="1" />
  <time id="106" path="/Proyecto/SWBStrategy/Estados de semaforos/Asignacion de estados de semaforos a los elementos deseados (objetivos, indicadores, entregables)/- Revision de diseno detallado" start="@1371574359202" delta="23" />
  <time id="108" path="/Proyecto/SWBStrategy/Estados de semaforos/Asignacion de estados de semaforos a los elementos deseados (objetivos, indicadores, entregables)/- Codificacion" start="@1371591684247" delta="45" />
  <time id="109" path="/Proyecto/SWBStrategy/Estados de semaforos/Asignacion de estados de semaforos a los elementos deseados (objetivos, indicadores, entregables)/- Codificacion" start="@1371595192611" delta="159" interrupt="24" />
  <time id="110" path="/Proyecto/SWBStrategy/Estados de semaforos/Asignacion de estados de semaforos a los elementos deseados (objetivos, indicadores, entregables)/- Codificacion" start="@1371664598918" delta="48" />
  <time id="111" path="/Proyecto/SWBStrategy/Estados de semaforos/Asignacion de estados de semaforos a los elementos deseados (objetivos, indicadores, entregables)/- Codificacion" start="@1371668870090" delta="5" interrupt="113" />
  <time id="112" path="/Proyecto/SWBStrategy/Estados de semaforos/Asignacion de estados de semaforos a los elementos deseados (objetivos, indicadores, entregables)/- Codificacion" start="@1371676863252" delta="21" interrupt="32" />
  <time id="113" path="/Proyecto/SWBStrategy/Estados de semaforos/Asignacion de estados de semaforos a los elementos deseados (objetivos, indicadores, entregables)/- Revision de codigo" start="@1371680949084" delta="6" />
  <time id="114" path="/Proyecto/SWBStrategy/Estados de semaforos/Asignacion de estados de semaforos a los elementos deseados (objetivos, indicadores, entregables)/- Revision de codigo" start="@1371682191823" delta="9" interrupt="1" />
  <time id="115" path="/Proyecto/SWBStrategy/Estados de semaforos/Asignacion de estados de semaforos a los elementos deseados (objetivos, indicadores, entregables)/- Revision de codigo" start="@1371698234658" delta="88" />
  <time id="116" path="/Proyecto/SWBStrategy/Estados de semaforos/Asignacion de estados de semaforos a los elementos deseados (objetivos, indicadores, entregables)/- Pruebas unitarias" start="@1371703538423" delta="129" interrupt="45" />
  <time id="117" path="/Proyecto/SWBStrategy/Estados de semaforos/Asignacion de estados de semaforos a los elementos deseados (objetivos, indicadores, entregables)/- Pruebas unitarias" start="@1371766029154" delta="4" interrupt="4" />
  <time id="118" path="/Proyecto/SWBStrategy/Estados de semaforos/Asignacion de estados de semaforos a los elementos deseados (objetivos, indicadores, entregables)/- Pruebas unitarias" start="@1371766806707" delta="2" />
  <time id="119" path="/Proyecto/SWBStrategy/Estados de semaforos/Asignacion de estados de semaforos a los elementos deseados (objetivos, indicadores, entregables)/- Postmortem Codigo" start="@1371766899498" delta="9" interrupt="14" />
  <time id="120" path="/Proyecto/SWBStrategy/Estados de semaforos/Asignacion de estados de semaforos a los elementos deseados (objetivos, indicadores, entregables)/- Revision de diseno detallado" start="@1371528339000" delta="110" />
  <time id="121" path="/Proyecto/SWBStrategy/Estados de semaforos/Asignacion de estados de semaforos a los elementos deseados (objetivos, indicadores, entregables)/- Postmortem Codigo" start="@1371827018000" delta="174" />
  <time id="122" path="/Proyecto/SWBStrategy/Estados de semaforos/Asignacion de estados de semaforos a los elementos deseados (objetivos, indicadores, entregables)/- Postmortem Codigo" start="@1371837654000" delta="7" />
  <time id="123" path="/Proyecto/SWBStrategy/Series/Administracion/Recurso de criterios de semaforizacion/- Planeacion Codigo" start="@1371848753000" delta="14" />
  <time id="124" path="/Proyecto/SWBStrategy/Series/Administracion/Recurso de criterios de semaforizacion/- Planeacion Codigo" start="@1371857505592" delta="21" interrupt="1" />
  <time id="125" path="/Proyecto/SWBStrategy/Series/Administracion/Recurso de criterios de semaforizacion/- Diseno de pruebas unitarias" start="@1371858823209" delta="6" />
  <time id="126" path="/Proyecto/SWBStrategy/Series/Administracion/Implementacion en ontologia/- Planeacion y entendimiento" start="@1372975221297" delta="7" />
  <time id="127" path="/Proyecto/SWBStrategy/Series/Administracion/Implementacion en ontologia/- Diseno de pruebas unitarias" start="@1372975641758" delta="10" interrupt="4" />
  <time id="128" path="/Proyecto/SWBStrategy/Series/Administracion/Implementacion en ontologia/- Codificacion" start="@1372976517065" delta="4" interrupt="2" />
  <time id="129" path="/Proyecto/SWBStrategy/Series/Administracion/Implementacion en ontologia/- Codificacion" start="@1372978956265" delta="11" />
  <time id="130" path="/Proyecto/SWBStrategy/Series/Administracion/Implementacion en ontologia/- Codificacion" start="@1372980457329" delta="24" interrupt="3" />
  <time id="131" path="/Proyecto/SWBStrategy/Series/Administracion/Implementacion en ontologia/- Revision de codigo" start="@1372982094552" delta="10" interrupt="6" />
  <time id="132" path="/Proyecto/SWBStrategy/Series/Administracion/Implementacion en ontologia/- Revision de codigo" start="@1372983373536" delta="3" />
  <time id="133" path="/Proyecto/SWBStrategy/Series/Administracion/Implementacion en ontologia/- Generacion de Codigo" start="@1372983569625" delta="6" />
  <time id="134" path="/Proyecto/SWBStrategy/Series/Administracion/Implementacion en ontologia/- Pruebas" start="@1372983929787" delta="13" interrupt="7" />
  <time id="135" path="/Proyecto/SWBStrategy/Series/Administracion/Implementacion en ontologia/- Pruebas" start="@1372986879268" delta="2" />
</timeLogEntries>
