<?xml version='1.0' encoding='UTF-8'?>
<project name='SWBStrategy' id='6820767' tid='hhauq8h7:6820767' labels='none' dumpFileVersion='3.13.0'>
	<component name='Scorecard' id='6820458' tid='hhauq8h7:6820458' labels='none'>
		<component name='Administracion' id='6820613' tid='hhauq8h7:6820613' labels='none'>
			<document name='Implementacion en ontologia' id='6820614' tid='hhauq8h7:6820614' labels='none' sizeUnits='DLD Lines' sizeBase='0' sizeDel='0' sizeMod='0' sizeAdd='12' sizeReu='0' sizeNC='12'/>
			<document name='Casos de prueba integrales' id='6820615' tid='hhauq8h7:6820615' labels='none' sizeUnits='HLD Pages' sizeBase='0' sizeDel='0' sizeMod='0' sizeAdd='5' sizeReu='0' sizeNC='5'/>
			<component name='FormElement Alineacion de Objetivo' id='6820616' tid='hhauq8h7:6820616' labels='none' sizeUnits='LOC' sizeBase='0' sizeDel='0' sizeMod='0' sizeAdd='40' sizeReu='0' sizeNC='40'/>
			<document name='Casos de prueba integrales para FormElement' id='6820617' tid='hhauq8h7:6820617' labels='none' sizeUnits='HLD Pages' sizeBase='0' sizeDel='0' sizeMod='0' sizeAdd='5' sizeReu='0' sizeNC='5'/>
			<component name='Duplicar Scorecard y Exportar a PDF' id='6820618' tid='hhauq8h7:6820618' labels='none' sizeUnits='LOC' sizeBase='0' sizeDel='0' sizeMod='0' sizeAdd='1580' sizeReu='0' sizeNC='1580'/>
			<document name='Casos de prueba integrales para duplicar' id='6820619' tid='hhauq8h7:6820619' labels='none' sizeUnits='HLD Pages' sizeBase='0' sizeDel='0' sizeMod='0' sizeAdd='13' sizeReu='0' sizeNC='13'/>
		</component>
	</component>
	<component name='Perspectivas' id='6820620' tid='hhauq8h7:6820620' labels='none'>
		<component name='Administracion' id='6820621' tid='hhauq8h7:6820621' labels='none'>
			<document name='Implementacion en ontologia' id='6820622' tid='hhauq8h7:6820622' labels='none' sizeUnits='DLD Lines' sizeBase='0' sizeDel='0' sizeMod='0' sizeAdd='12' sizeReu='0' sizeNC='12'/>
			<document name='Casos de prueba integrales' id='6820623' tid='hhauq8h7:6820623' labels='none' sizeUnits='HLD Pages' sizeBase='0' sizeDel='0' sizeMod='0' sizeAdd='5' sizeReu='0' sizeNC='5'/>
			<component name='Duplicar Perspectiva' id='6820624' tid='hhauq8h7:6820624' labels='none' sizeUnits='LOC' sizeBase='0' sizeDel='0' sizeMod='0' sizeAdd='80' sizeReu='0' sizeNC='80'/>
			<document name='Casos de prueba integrales para duplicar' id='6820625' tid='hhauq8h7:6820625' labels='none' sizeUnits='HLD Pages' sizeBase='0' sizeDel='0' sizeMod='0' sizeAdd='5' sizeReu='0' sizeNC='5'/>
		</component>
	</component>
	<component name='Temas Estrategicos' id='6820626' tid='hhauq8h7:6820626' labels='none'>
		<component name='Administracion' id='6820627' tid='hhauq8h7:6820627' labels='none'>
			<document name='Implementacion en ontologia' id='6820628' tid='hhauq8h7:6820628' labels='none' sizeUnits='DLD Lines' sizeBase='0' sizeDel='0' sizeMod='0' sizeAdd='12' sizeReu='0' sizeNC='12'/>
			<document name='Casos de prueba integrales' id='6820629' tid='hhauq8h7:6820629' labels='none' sizeUnits='HLD Pages' sizeBase='0' sizeDel='0' sizeMod='0' sizeAdd='5' sizeReu='0' sizeNC='5'/>
			<component name='Duplicar Temas Estrategicos' id='6820630' tid='hhauq8h7:6820630' labels='none' sizeUnits='LOC' sizeBase='0' sizeDel='0' sizeMod='0' sizeAdd='80' sizeReu='0' sizeNC='80'/>
			<document name='Casos de prueba integrales para duplicar' id='6820631' tid='hhauq8h7:6820631' labels='none' sizeUnits='HLD Pages' sizeBase='0' sizeDel='0' sizeMod='0' sizeAdd='8' sizeReu='0' sizeNC='8'/>
		</component>
	</component>
	<component name='Estados de semaforos' id='6820632' tid='hhauq8h7:6820632' labels='none'>
		<document name='Implementacion en ontologia' id='6820633' tid='hhauq8h7:6820633' labels='none' sizeUnits='DLD Lines' sizeBase='0' sizeDel='0' sizeMod='0' sizeAdd='8' sizeReu='0' sizeNC='8'/>
		<component name='Asignacion de estados de semaforos a los elementos deseados (objetivos, indicadores, entregables)' id='6820634' tid='hhauq8h7:6820634' labels='none' sizeUnits='LOC' sizeBase='0' sizeDel='0' sizeMod='0' sizeAdd='50' sizeReu='0' sizeNC='50'/>
		<component name='Ordenar' id='6820635' tid='hhauq8h7:6820635' labels='none' sizeUnits='LOC' sizeBase='0' sizeDel='0' sizeMod='0' sizeAdd='25' sizeReu='0' sizeNC='25'/>
		<document name='Casos de prueba integrales' id='6820636' tid='hhauq8h7:6820636' labels='none' sizeUnits='HLD Pages' sizeBase='0' sizeDel='0' sizeMod='0' sizeAdd='20' sizeReu='0' sizeNC='20'/>
		<component name='Duplicar' id='6820637' tid='hhauq8h7:6820637' labels='none' sizeUnits='LOC' sizeBase='0' sizeDel='0' sizeMod='0' sizeAdd='80' sizeReu='0' sizeNC='80'/>
		<document name='Casos de prueba integrales para duplicar' id='6820638' tid='hhauq8h7:6820638' labels='none' sizeUnits='HLD Pages' sizeBase='0' sizeDel='0' sizeMod='0' sizeAdd='15' sizeReu='0' sizeNC='15'/>
	</component>
	<component name='Objetivos' id='6820639' tid='hhauq8h7:6820639' labels='none'>
		<component name='Administracion' id='6820640' tid='hhauq8h7:6820640' labels='none'>
			<document name='Implementacion en ontologia' id='6820641' tid='hhauq8h7:6820641' labels='none' sizeUnits='DLD Lines' sizeBase='0' sizeDel='0' sizeMod='0' sizeAdd='20' sizeReu='0' sizeNC='20'/>
			<component name='Recurso Asignar Periodos' id='6820642' tid='hhauq8h7:6820642' labels='none' sizeUnits='LOC' sizeBase='0' sizeDel='0' sizeMod='0' sizeAdd='40' sizeReu='0' sizeNC='40'/>
			<component name='Duplicar Objetivo' id='6820643' tid='hhauq8h7:6820643' labels='none' sizeUnits='LOC' sizeBase='0' sizeDel='0' sizeMod='0' sizeAdd='80' sizeReu='0' sizeNC='80'/>
		</component>
		<component name='Vista resumen' id='6820644' tid='hhauq8h7:6820644' labels='none'>
			<component name='Configuracion' id='6820645' tid='hhauq8h7:6820645' labels='none' sizeUnits='LOC' sizeBase='0' sizeDel='0' sizeMod='0' sizeAdd='200' sizeReu='0' sizeNC='200'/>
			<component name='Presentacion' id='6820646' tid='hhauq8h7:6820646' labels='none' sizeUnits='LOC' sizeBase='0' sizeDel='0' sizeMod='0' sizeAdd='130' sizeReu='0' sizeNC='130'/>
		</component>
		<component name='Vista detalle' id='6820647' tid='hhauq8h7:6820647' labels='none'>
			<component name='Configuracion' id='6820648' tid='hhauq8h7:6820648' labels='none' sizeUnits='LOC' sizeBase='0' sizeDel='0' sizeMod='0' sizeAdd='200' sizeReu='0' sizeNC='200'/>
			<component name='Presentacion' id='6820649' tid='hhauq8h7:6820649' labels='none' sizeUnits='LOC' sizeBase='0' sizeDel='0' sizeMod='0' sizeAdd='100' sizeReu='0' sizeNC='100'/>
			<component name='Exportacion PDF y Envio de liga por correo' id='6820650' tid='hhauq8h7:6820650' labels='none' sizeUnits='LOC' sizeBase='0' sizeDel='0' sizeMod='0' sizeAdd='1050' sizeReu='0' sizeNC='1050'/>
		</component>
		<document name='Casos de prueba integrales' id='6820651' tid='hhauq8h7:6820651' labels='none' sizeUnits='HLD Pages' sizeBase='0' sizeDel='0' sizeMod='0' sizeAdd='26' sizeReu='0' sizeNC='26'/>
		<document name='Casos de prueba integrales para exportacion y envio' id='6820652' tid='hhauq8h7:6820652' labels='none' sizeUnits='HLD Pages' sizeBase='0' sizeDel='0' sizeMod='0' sizeAdd='13' sizeReu='0' sizeNC='13'/>
		<document name='Casos de prueba integrales para duplicar' id='6820653' tid='hhauq8h7:6820653' labels='none' sizeUnits='HLD Pages' sizeBase='0' sizeDel='0' sizeMod='0' sizeAdd='13' sizeReu='0' sizeNC='13'/>
	</component>
	<component name='Indicadores' id='6820654' tid='hhauq8h7:6820654' labels='none'>
		<component name='Administracion' id='6820655' tid='hhauq8h7:6820655' labels='none'>
			<document name='Implementacion en ontologia' id='6820656' tid='hhauq8h7:6820656' labels='none' sizeUnits='DLD Lines' sizeBase='0' sizeDel='0' sizeMod='0' sizeAdd='20' sizeReu='0' sizeNC='20'/>
			<component name='Administrador nuevos periodos' id='6820657' tid='hhauq8h7:6820657' labels='none' sizeUnits='LOC' sizeBase='0' sizeDel='0' sizeMod='0' sizeAdd='35' sizeReu='0' sizeNC='35'/>
			<component name='Configuracion tabla de datos' id='6820658' tid='hhauq8h7:6820658' labels='none' sizeUnits='LOC' sizeBase='0' sizeDel='0' sizeMod='0' sizeAdd='200' sizeReu='0' sizeNC='200'/>
			<component name='Duplicar' id='6820659' tid='hhauq8h7:6820659' labels='none' sizeUnits='LOC' sizeBase='0' sizeDel='0' sizeMod='0' sizeAdd='80' sizeReu='0' sizeNC='80'/>
		</component>
		<component name='Vista resumen' id='6820660' tid='hhauq8h7:6820660' labels='none'>
			<component name='Configuracion' id='6820661' tid='hhauq8h7:6820661' labels='none' sizeUnits='LOC' sizeBase='0' sizeDel='0' sizeMod='0' sizeAdd='200' sizeReu='0' sizeNC='200'/>
			<component name='Presentacion' id='6820662' tid='hhauq8h7:6820662' labels='none' sizeUnits='LOC' sizeBase='0' sizeDel='0' sizeMod='0' sizeAdd='100' sizeReu='0' sizeNC='100'/>
			<component name='Exportacion PDF y Envio de liga por correo' id='6820663' tid='hhauq8h7:6820663' labels='none' sizeUnits='LOC' sizeBase='0' sizeDel='0' sizeMod='0' sizeAdd='1050' sizeReu='0' sizeNC='1050'/>
		</component>
		<component name='Vista detalle' id='6820664' tid='hhauq8h7:6820664' labels='none'>
			<component name='Configuracion' id='6820665' tid='hhauq8h7:6820665' labels='none' sizeUnits='LOC' sizeBase='0' sizeDel='0' sizeMod='0' sizeAdd='200' sizeReu='0' sizeNC='200'/>
			<component name='Presentacion' id='6820666' tid='hhauq8h7:6820666' labels='none' sizeUnits='LOC' sizeBase='0' sizeDel='0' sizeMod='0' sizeAdd='100' sizeReu='0' sizeNC='100'/>
			<component name='Tabla de datos' id='6820667' tid='hhauq8h7:6820667' labels='none' sizeUnits='LOC' sizeBase='0' sizeDel='0' sizeMod='0' sizeAdd='500' sizeReu='0' sizeNC='500'/>
			<component name='Exportacion PDF y Envio de liga por correo' id='6820668' tid='hhauq8h7:6820668' labels='none' sizeUnits='LOC' sizeBase='0' sizeDel='0' sizeMod='0' sizeAdd='1050' sizeReu='0' sizeNC='1050'/>
		</component>
		<document name='Casos de prueba integrales' id='6820669' tid='hhauq8h7:6820669' labels='none' sizeUnits='HLD Pages' sizeBase='0' sizeDel='0' sizeMod='0' sizeAdd='15' sizeReu='0' sizeNC='15'/>
		<document name='Casos de prueba integrales para tabla de datos, exportacion y correo' id='6820670' tid='hhauq8h7:6820670' labels='none' sizeUnits='HLD Pages' sizeBase='0' sizeDel='0' sizeMod='0' sizeAdd='44' sizeReu='0' sizeNC='44'/>
		<document name='Casos de prueba integrales para duplicar' id='6820671' tid='hhauq8h7:6820671' labels='none' sizeUnits='HLD Pages' sizeBase='0' sizeDel='0' sizeMod='0' sizeAdd='10' sizeReu='0' sizeNC='10'/>
	</component>
	<component name='Series' id='6820672' tid='hhauq8h7:6820672' labels='none'>
		<component name='Administracion' id='6820673' tid='hhauq8h7:6820673' labels='none'>
			<document name='Implementacion en ontologia' id='6820674' tid='hhauq8h7:6820674' labels='none' sizeUnits='DLD Lines' sizeBase='0' sizeDel='0' sizeMod='0' sizeAdd='8' sizeReu='0' sizeNC='8'/>
			<component name='Recurso asignar estados' id='6820675' tid='hhauq8h7:6820675' labels='none' sizeUnits='LOC' sizeBase='0' sizeDel='0' sizeMod='0' sizeAdd='40' sizeReu='0' sizeNC='40'/>
			<component name='Recurso de criterios de semaforizacion' id='6820676' tid='hhauq8h7:6820676' labels='none' sizeUnits='LOC' sizeBase='0' sizeDel='0' sizeMod='0' sizeAdd='200' sizeReu='0' sizeNC='200'/>
			<document name='Casos de prueba integrales' id='6820677' tid='hhauq8h7:6820677' labels='none' sizeUnits='HLD Pages' sizeBase='0' sizeDel='0' sizeMod='0' sizeAdd='15' sizeReu='0' sizeNC='15'/>
			<component name='Recurso asignar formula' id='6820678' tid='hhauq8h7:6820678' labels='none' sizeUnits='LOC' sizeBase='0' sizeDel='0' sizeMod='0' sizeAdd='40' sizeReu='0' sizeNC='40'/>
			<component name='Serie de mediciones' id='6820679' tid='hhauq8h7:6820679' labels='none' sizeUnits='LOC' sizeBase='0' sizeDel='0' sizeMod='0' sizeAdd='70' sizeReu='0' sizeNC='70'/>
			<component name='Serie de valores acumulados' id='6820680' tid='hhauq8h7:6820680' labels='none' sizeUnits='LOC' sizeBase='0' sizeDel='0' sizeMod='0' sizeAdd='90' sizeReu='0' sizeNC='90'/>
			<document name='Casos de prueba integrales para formulas' id='6820681' tid='hhauq8h7:6820681' labels='none' sizeUnits='HLD Pages' sizeBase='0' sizeDel='0' sizeMod='0' sizeAdd='15' sizeReu='0' sizeNC='15'/>
			<document name='Casos de prueba integrales para series creadas' id='6820682' tid='hhauq8h7:6820682' labels='none' sizeUnits='HLD Pages' sizeBase='0' sizeDel='0' sizeMod='0' sizeAdd='15' sizeReu='0' sizeNC='15'/>
			<component name='Duplicar serie' id='6820683' tid='hhauq8h7:6820683' labels='none' sizeUnits='LOC' sizeBase='0' sizeDel='0' sizeMod='0' sizeAdd='80' sizeReu='0' sizeNC='80'/>
			<document name='Casos de prueba integrales para duplicar' id='6820684' tid='hhauq8h7:6820684' labels='none' sizeUnits='HLD Pages' sizeBase='0' sizeDel='0' sizeMod='0' sizeAdd='15' sizeReu='0' sizeNC='15'/>
		</component>
	</component>
	<component name='Iniciativas' id='6820685' tid='hhauq8h7:6820685' labels='none'>
		<component name='Administracion' id='6820686' tid='hhauq8h7:6820686' labels='none'>
			<document name='Implementacion en ontologia' id='6820687' tid='hhauq8h7:6820687' labels='none' sizeUnits='DLD Lines' sizeBase='0' sizeDel='0' sizeMod='0' sizeAdd='25' sizeReu='0' sizeNC='25'/>
			<component name='Recurso Asociar a Objetivos' id='6820688' tid='hhauq8h7:6820688' labels='none' sizeUnits='LOC' sizeBase='0' sizeDel='0' sizeMod='0' sizeAdd='40' sizeReu='0' sizeNC='40'/>
		</component>
		<component name='Vista resumen' id='6820689' tid='hhauq8h7:6820689' labels='none'>
			<component name='Configuracion' id='6820690' tid='hhauq8h7:6820690' labels='none' sizeUnits='LOC' sizeBase='0' sizeDel='0' sizeMod='0' sizeAdd='200' sizeReu='0' sizeNC='200'/>
			<component name='Presentacion' id='6820691' tid='hhauq8h7:6820691' labels='none' sizeUnits='LOC' sizeBase='0' sizeDel='0' sizeMod='0' sizeAdd='100' sizeReu='0' sizeNC='100'/>
			<component name='Exportacion PDF y Envio de liga por correo' id='6820692' tid='hhauq8h7:6820692' labels='none' sizeUnits='LOC' sizeBase='0' sizeDel='0' sizeMod='0' sizeAdd='1050' sizeReu='0' sizeNC='1050'/>
		</component>
		<component name='Vista detalle' id='6820693' tid='hhauq8h7:6820693' labels='none'>
			<component name='Configuracion' id='6820694' tid='hhauq8h7:6820694' labels='none' sizeUnits='LOC' sizeBase='0' sizeDel='0' sizeMod='0' sizeAdd='200' sizeReu='0' sizeNC='200'/>
			<component name='Presentacion' id='6820695' tid='hhauq8h7:6820695' labels='none' sizeUnits='LOC' sizeBase='0' sizeDel='0' sizeMod='0' sizeAdd='100' sizeReu='0' sizeNC='100'/>
			<component name='Lista de entregables y Grafica de Gantt' id='6820696' tid='hhauq8h7:6820696' labels='none' sizeUnits='LOC' sizeBase='0' sizeDel='0' sizeMod='0' sizeAdd='800' sizeReu='0' sizeNC='800'/>
			<component name='Exportacion PDF y Envio de liga por correo' id='6820697' tid='hhauq8h7:6820697' labels='none' sizeUnits='LOC' sizeBase='0' sizeDel='0' sizeMod='0' sizeAdd='1050' sizeReu='0' sizeNC='1050'/>
		</component>
		<document name='Casos de prueba integrales' id='6820698' tid='hhauq8h7:6820698' labels='none' sizeUnits='HLD Pages' sizeBase='0' sizeDel='0' sizeMod='0' sizeAdd='26' sizeReu='0' sizeNC='26'/>
		<document name='Casos de prueba integrales para entregables y Gantt' id='6820699' tid='hhauq8h7:6820699' labels='none' sizeUnits='HLD Pages' sizeBase='0' sizeDel='0' sizeMod='0' sizeAdd='26' sizeReu='0' sizeNC='26'/>
		<document name='Casos de prueba integrales para exportacion y correo' id='6820700' tid='hhauq8h7:6820700' labels='none' sizeUnits='HLD Pages' sizeBase='0' sizeDel='0' sizeMod='0' sizeAdd='15' sizeReu='0' sizeNC='15'/>
	</component>
	<component name='Mapa Estrategico' id='6820701' tid='hhauq8h7:6820701' labels='none'>
		<component name='Interactivo' id='6820702' tid='hhauq8h7:6820702' labels='none' sizeUnits='LOC' sizeBase='0' sizeDel='0' sizeMod='0' sizeAdd='500' sizeReu='0' sizeNC='500'/>
		<component name='Exportacion a PDF' id='6820703' tid='hhauq8h7:6820703' labels='none' sizeUnits='LOC' sizeBase='0' sizeDel='0' sizeMod='0' sizeAdd='1000' sizeReu='0' sizeNC='1000'/>
		<document name='Casos de prueba integrales' id='6820704' tid='hhauq8h7:6820704' labels='none' sizeUnits='HLD Pages' sizeBase='0' sizeDel='0' sizeMod='0' sizeAdd='26' sizeReu='0' sizeNC='26'/>
		<document name='Casos de prueba integrales para exportacion' id='6820705' tid='hhauq8h7:6820705' labels='none' sizeUnits='HLD Pages' sizeBase='0' sizeDel='0' sizeMod='0' sizeAdd='10' sizeReu='0' sizeNC='10'/>
	</component>
	<component name='Periodos' id='6820706' tid='hhauq8h7:6820706' labels='none'>
		<component name='Administracion' id='6820707' tid='hhauq8h7:6820707' labels='none'>
			<document name='Implementacion en ontologia' id='6820708' tid='hhauq8h7:6820708' labels='none' sizeUnits='DLD Lines' sizeBase='0' sizeDel='0' sizeMod='0' sizeAdd='10' sizeReu='0' sizeNC='10'/>
			<component name='FormElement Fecha de Inicio' id='6820709' tid='hhauq8h7:6820709' labels='none' sizeUnits='LOC' sizeBase='0' sizeDel='0' sizeMod='0' sizeAdd='20' sizeReu='0' sizeNC='20'/>
			<component name='FormElement Fecha de Fin' id='6820710' tid='hhauq8h7:6820710' labels='none' sizeUnits='LOC' sizeBase='0' sizeDel='0' sizeMod='0' sizeAdd='20' sizeReu='0' sizeNC='20'/>
			<document name='Casos de prueba integrales' id='6820711' tid='hhauq8h7:6820711' labels='none' sizeUnits='HLD Pages' sizeBase='0' sizeDel='0' sizeMod='0' sizeAdd='10' sizeReu='0' sizeNC='10'/>
			<component name='Duplicar' id='6820712' tid='hhauq8h7:6820712' labels='none' sizeUnits='LOC' sizeBase='0' sizeDel='0' sizeMod='0' sizeAdd='80' sizeReu='0' sizeNC='80'/>
			<document name='Casos de prueba integrales para duplicar' id='6820713' tid='hhauq8h7:6820713' labels='none' sizeUnits='HLD Pages' sizeBase='0' sizeDel='0' sizeMod='0' sizeAdd='10' sizeReu='0' sizeNC='10'/>
		</component>
	</component>
	<component name='Periodicidades' id='6820714' tid='hhauq8h7:6820714' labels='none'>
		<component name='Administracion' id='6820715' tid='hhauq8h7:6820715' labels='none'>
			<document name='Implementacion en ontologia' id='6820716' tid='hhauq8h7:6820716' labels='none' sizeUnits='DLD Lines' sizeBase='0' sizeDel='0' sizeMod='0' sizeAdd='10' sizeReu='0' sizeNC='10'/>
			<document name='Casos de prueba integrales' id='6820717' tid='hhauq8h7:6820717' labels='none' sizeUnits='HLD Pages' sizeBase='0' sizeDel='0' sizeMod='0' sizeAdd='8' sizeReu='0' sizeNC='8'/>
			<component name='Duplicar Periodicidad' id='6820718' tid='hhauq8h7:6820718' labels='none' sizeUnits='LOC' sizeBase='0' sizeDel='0' sizeMod='0' sizeAdd='80' sizeReu='0' sizeNC='80'/>
			<document name='Casos de prueba integrales para duplicar' id='6820719' tid='hhauq8h7:6820719' labels='none' sizeUnits='HLD Pages' sizeBase='0' sizeDel='0' sizeMod='0' sizeAdd='5' sizeReu='0' sizeNC='5'/>
		</component>
	</component>
	<component name='Mi Perfil' id='6820720' tid='hhauq8h7:6820720' labels='none'>
		<component name='Despliegue de mi perfil' id='6820721' tid='hhauq8h7:6820721' labels='none' sizeUnits='LOC' sizeBase='0' sizeDel='0' sizeMod='0' sizeAdd='50' sizeReu='0' sizeNC='50'/>
		<component name='Cambiar y confirmar nueva contrasena' id='6820722' tid='hhauq8h7:6820722' labels='none' sizeUnits='LOC' sizeBase='0' sizeDel='0' sizeMod='0' sizeAdd='20' sizeReu='0' sizeNC='20'/>
		<document name='Casos de prueba integrales' id='6820723' tid='hhauq8h7:6820723' labels='none' sizeUnits='HLD Pages' sizeBase='0' sizeDel='0' sizeMod='0' sizeAdd='16' sizeReu='0' sizeNC='16'/>
	</component>
	<component name='Confirmar elemento' id='6820724' tid='hhauq8h7:6820724' labels='none'>
		<component name='Implementar FormElement' id='6820725' tid='hhauq8h7:6820725' labels='none' sizeUnits='LOC' sizeBase='0' sizeDel='0' sizeMod='0' sizeAdd='50' sizeReu='0' sizeNC='50'/>
		<document name='Implementacion en ontologia' id='6820726' tid='hhauq8h7:6820726' labels='none' sizeUnits='DLD Lines' sizeBase='0' sizeDel='0' sizeMod='0' sizeAdd='5' sizeReu='0' sizeNC='5'/>
		<document name='Casos de prueba integrales' id='6820727' tid='hhauq8h7:6820727' labels='none' sizeUnits='HLD Pages' sizeBase='0' sizeDel='0' sizeMod='0' sizeAdd='10' sizeReu='0' sizeNC='10'/>
	</component>
	<component name='Usuarios' id='6820728' tid='hhauq8h7:6820728' labels='none'>
		<document name='Propiedades extendidas' id='6820729' tid='hhauq8h7:6820729' labels='none' sizeUnits='DLD Lines' sizeBase='0' sizeDel='0' sizeMod='0' sizeAdd='1' sizeReu='0' sizeNC='1'/>
		<document name='Casos de prueba integrales' id='6820730' tid='hhauq8h7:6820730' labels='none' sizeUnits='HLD Pages' sizeBase='0' sizeDel='0' sizeMod='0' sizeAdd='52' sizeReu='0' sizeNC='52'/>
	</component>
	<component name='Graficador' id='6820731' tid='hhauq8h7:6820731' labels='none'>
		<component name='Configuracion de grafica' id='6820732' tid='hhauq8h7:6820732' labels='none' sizeUnits='LOC' sizeBase='0' sizeDel='0' sizeMod='0' sizeAdd='450' sizeReu='0' sizeNC='450'/>
		<component name='Generacion de grafica' id='6820733' tid='hhauq8h7:6820733' labels='none' sizeUnits='LOC' sizeBase='0' sizeDel='0' sizeMod='0' sizeAdd='150' sizeReu='0' sizeNC='150'/>
		<document name='Casos de prueba integrales' id='6820734' tid='hhauq8h7:6820734' labels='none' sizeUnits='HLD Pages' sizeBase='0' sizeDel='0' sizeMod='0' sizeAdd='16' sizeReu='0' sizeNC='16'/>
		<component name='Duplicar grafica' id='6820735' tid='hhauq8h7:6820735' labels='none' sizeUnits='LOC' sizeBase='0' sizeDel='0' sizeMod='0' sizeAdd='80' sizeReu='0' sizeNC='80'/>
		<document name='Casos de prueba integrales para duplicar' id='6820736' tid='hhauq8h7:6820736' labels='none' sizeUnits='HLD Pages' sizeBase='0' sizeDel='0' sizeMod='0' sizeAdd='15' sizeReu='0' sizeNC='15'/>
	</component>
	<component name='Formulas' id='6820737' tid='hhauq8h7:6820737' labels='none'>
		<component name='Administracion' id='6820738' tid='hhauq8h7:6820738' labels='none'>
			<document name='Implementacion en ontologia' id='6820739' tid='hhauq8h7:6820739' labels='none' sizeUnits='DLD Lines' sizeBase='0' sizeDel='0' sizeMod='0' sizeAdd='8' sizeReu='0' sizeNC='8'/>
			<component name='Formula Suma acumulada' id='6820740' tid='hhauq8h7:6820740' labels='none' sizeUnits='LOC' sizeBase='0' sizeDel='0' sizeMod='0' sizeAdd='120' sizeReu='0' sizeNC='120'/>
			<document name='Casos de prueba integrales para formulas' id='6820741' tid='hhauq8h7:6820741' labels='none' sizeUnits='HLD Pages' sizeBase='0' sizeDel='0' sizeMod='0' sizeAdd='5' sizeReu='0' sizeNC='5'/>
			<component name='Duplicar formula' id='6820742' tid='hhauq8h7:6820742' labels='none' sizeUnits='LOC' sizeBase='0' sizeDel='0' sizeMod='0' sizeAdd='80' sizeReu='0' sizeNC='80'/>
			<document name='Casos de prueba integrales para duplicar' id='6820743' tid='hhauq8h7:6820743' labels='none' sizeUnits='HLD Pages' sizeBase='0' sizeDel='0' sizeMod='0' sizeAdd='15' sizeReu='0' sizeNC='15'/>
		</component>
	</component>
	<document name='Manual tecnico' id='6820744' tid='hhauq8h7:6820744' labels='none' sizeUnits='Text Pages' sizeBase='0' sizeDel='0' sizeMod='0' sizeAdd='550' sizeReu='0' sizeNC='550'/>
	<component name='Reportes' id='6820745' tid='hhauq8h7:6820745' labels='none'>
		<component name='Recursos de plantillas y ejecucion de reportes' id='6820746' tid='hhauq8h7:6820746' labels='none' sizeUnits='LOC' sizeBase='0' sizeDel='0' sizeMod='0' sizeAdd='3200' sizeReu='0' sizeNC='3200'/>
		<document name='Casos de prueba integrales' id='6820747' tid='hhauq8h7:6820747' labels='none' sizeUnits='HLD Pages' sizeBase='0' sizeDel='0' sizeMod='0' sizeAdd='50' sizeReu='0' sizeNC='50'/>
	</component>
	<component name='Auditoria' id='6820748' tid='hhauq8h7:6820748' labels='none'>
		<component name='Reporteador de accesos y operaciones sobre elementos del BSC' id='6820749' tid='hhauq8h7:6820749' labels='none' sizeUnits='LOC' sizeBase='0' sizeDel='0' sizeMod='0' sizeAdd='300' sizeReu='0' sizeNC='300'/>
		<document name='Casos de prueba integrales' id='6820750' tid='hhauq8h7:6820750' labels='none' sizeUnits='HLD Pages' sizeBase='0' sizeDel='0' sizeMod='0' sizeAdd='78' sizeReu='0' sizeNC='78'/>
	</component>
	<component name='Ayuda' id='6820751' tid='hhauq8h7:6820751' labels='none'>
		<document name='Redaccion de texto de ayuda' id='6820752' tid='hhauq8h7:6820752' labels='none' sizeUnits='Text Pages' sizeBase='0' sizeDel='0' sizeMod='0' sizeAdd='10' sizeReu='0' sizeNC='10'/>
		<component name='FormElement de extraccion de texto de ayuda' id='6820753' tid='hhauq8h7:6820753' labels='none' sizeUnits='LOC' sizeBase='0' sizeDel='0' sizeMod='0' sizeAdd='25' sizeReu='0' sizeNC='25'/>
		<document name='Casos de prueba integrales' id='6820754' tid='hhauq8h7:6820754' labels='none' sizeUnits='HLD Pages' sizeBase='0' sizeDel='0' sizeMod='0' sizeAdd='30' sizeReu='0' sizeNC='30'/>
	</component>
	<component name='Campos personalizados' id='6820755' tid='hhauq8h7:6820755' labels='none'>
		<component name='Recurso y Duplicacion' id='6820756' tid='hhauq8h7:6820756' labels='none' sizeUnits='LOC' sizeBase='0' sizeDel='0' sizeMod='0' sizeAdd='180' sizeReu='0' sizeNC='180'/>
		<document name='Casos de prueba integrales' id='6820757' tid='hhauq8h7:6820757' labels='none' sizeUnits='HLD Pages' sizeBase='0' sizeDel='0' sizeMod='0' sizeAdd='26' sizeReu='0' sizeNC='26'/>
	</component>
	<component name='Notificaciones por correo' id='6820758' tid='hhauq8h7:6820758' labels='none'>
		<component name='Administracion' id='6820759' tid='hhauq8h7:6820759' labels='none'>
			<component name='Recursos de administracion' id='6820760' tid='hhauq8h7:6820760' labels='none' sizeUnits='LOC' sizeBase='0' sizeDel='0' sizeMod='0' sizeAdd='320' sizeReu='0' sizeNC='320'/>
			<document name='Implementacion en ontologia' id='6820761' tid='hhauq8h7:6820761' labels='none' sizeUnits='DLD Lines' sizeBase='0' sizeDel='0' sizeMod='0' sizeAdd='12' sizeReu='0' sizeNC='12'/>
			<document name='Casos de prueba integrales' id='6820762' tid='hhauq8h7:6820762' labels='none' sizeUnits='HLD Pages' sizeBase='0' sizeDel='0' sizeMod='0' sizeAdd='26' sizeReu='0' sizeNC='26'/>
		</component>
	</component>
	<component name='Requerimientos Faltantes' id='6820763' tid='hhauq8h7:6820763' labels='none'>
		<component name='Codigo' id='6820764' tid='hhauq8h7:6820764' labels='none' sizeUnits='LOC' sizeBase='0' sizeDel='0' sizeMod='0' sizeAdd='2700' sizeReu='0' sizeNC='2700'/>
		<document name='Implementacion en ontologia' id='6820765' tid='hhauq8h7:6820765' labels='none' sizeUnits='DLD Lines' sizeBase='0' sizeDel='0' sizeMod='0' sizeAdd='40' sizeReu='0' sizeNC='40'/>
		<document name='Casos de prueba integrales' id='6820766' tid='hhauq8h7:6820766' labels='none' sizeUnits='HLD Pages' sizeBase='0' sizeDel='0' sizeMod='0' sizeAdd='90' sizeReu='0' sizeNC='90'/>
	</component>
</project>
