<wbsModel>
  <wbsNode name='SWBStrategy' id='6820767' type='Project' indentLevel='0' expanded='true'>
    <attr name='createdWithVersion' value='3.13.0'/>
  </wbsNode>
    <wbsNode name='Scorecard' id='6820458' type='Component' indentLevel='1' expanded='true'/>
      <wbsNode name='Administracion' id='6820613' type='Component' indentLevel='2' expanded='true'/>
        <wbsNode name='Implementacion en ontologia' id='6820614' type='Detailed Design Document' indentLevel='3' expanded='true'>
          <attr name='Time Per Person' value='0.0'/>
          <attr name='Task Size Units' value='LOC '/>
          <attr name='Misc Size' value='12.0'/>
          <attr name='Added-DLD Lines (Top Down)' value='12.0'/>
        </wbsNode>
        <wbsNode name='Casos de prueba integrales' id='6820615' type='High Level Design Document' indentLevel='3' expanded='true'>
          <attr name='Time Per Person' value='0.0'/>
          <attr name='Added-HLD Pages (Top Down)' value='5.0'/>
          <attr name='Task Size Units' value='LOC '/>
          <attr name='Misc Size' value='5.0'/>
        </wbsNode>
        <wbsNode name='FormElement Alineacion de Objetivo' id='6820616' type='Software Component' indentLevel='3' expanded='true'>
          <attr name='Time Per Person' value='0.0'/>
          <attr name='Added-LOC (Top Down)' value='40.0'/>
          <attr name='Task Size Units' value='LOC '/>
          <attr name='Misc Size' value='40.0'/>
        </wbsNode>
        <wbsNode name='Casos de prueba integrales para FormElement' id='6820617' type='High Level Design Document' indentLevel='3' expanded='true'>
          <attr name='Time Per Person' value='0.0'/>
          <attr name='Added-HLD Pages (Top Down)' value='5.0'/>
          <attr name='Task Size Units' value='LOC '/>
          <attr name='Misc Size' value='5.0'/>
        </wbsNode>
        <wbsNode name='Duplicar Scorecard y Exportar a PDF' id='6820618' type='Software Component' indentLevel='3' expanded='true'>
          <attr name='Time Per Person' value='0.0'/>
          <attr name='Added-LOC (Top Down)' value='1580.0'/>
          <attr name='Task Size Units' value='LOC '/>
          <attr name='Misc Size' value='1580.0'/>
        </wbsNode>
        <wbsNode name='Casos de prueba integrales para duplicar' id='6820619' type='High Level Design Document' indentLevel='3' expanded='true'>
          <attr name='Time Per Person' value='0.0'/>
          <attr name='Added-HLD Pages (Top Down)' value='13.0'/>
          <attr name='Task Size Units' value='LOC '/>
          <attr name='Misc Size' value='13.0'/>
        </wbsNode>
    <wbsNode name='Perspectivas' id='6820620' type='Component' indentLevel='1' expanded='true'/>
      <wbsNode name='Administracion' id='6820621' type='Component' indentLevel='2' expanded='true'/>
        <wbsNode name='Implementacion en ontologia' id='6820622' type='Detailed Design Document' indentLevel='3' expanded='true'>
          <attr name='Time Per Person' value='0.0'/>
          <attr name='Task Size Units' value='LOC '/>
          <attr name='Misc Size' value='12.0'/>
          <attr name='Added-DLD Lines (Top Down)' value='12.0'/>
        </wbsNode>
        <wbsNode name='Casos de prueba integrales' id='6820623' type='High Level Design Document' indentLevel='3' expanded='true'>
          <attr name='Time Per Person' value='0.0'/>
          <attr name='Added-HLD Pages (Top Down)' value='5.0'/>
          <attr name='Task Size Units' value='LOC '/>
          <attr name='Misc Size' value='5.0'/>
        </wbsNode>
        <wbsNode name='Duplicar Perspectiva' id='6820624' type='Software Component' indentLevel='3' expanded='true'>
          <attr name='Time Per Person' value='0.0'/>
          <attr name='Added-LOC (Top Down)' value='80.0'/>
          <attr name='Task Size Units' value='LOC '/>
          <attr name='Misc Size' value='80.0'/>
        </wbsNode>
        <wbsNode name='Casos de prueba integrales para duplicar' id='6820625' type='High Level Design Document' indentLevel='3' expanded='true'>
          <attr name='Time Per Person' value='0.0'/>
          <attr name='Added-HLD Pages (Top Down)' value='5.0'/>
          <attr name='Task Size Units' value='LOC '/>
          <attr name='Misc Size' value='5.0'/>
        </wbsNode>
    <wbsNode name='Temas Estrategicos' id='6820626' type='Component' indentLevel='1' expanded='true'/>
      <wbsNode name='Administracion' id='6820627' type='Component' indentLevel='2' expanded='true'/>
        <wbsNode name='Implementacion en ontologia' id='6820628' type='Detailed Design Document' indentLevel='3' expanded='true'>
          <attr name='Time Per Person' value='0.0'/>
          <attr name='Task Size Units' value='LOC '/>
          <attr name='Misc Size' value='12.0'/>
          <attr name='Added-DLD Lines (Top Down)' value='12.0'/>
        </wbsNode>
        <wbsNode name='Casos de prueba integrales' id='6820629' type='High Level Design Document' indentLevel='3' expanded='true'>
          <attr name='Time Per Person' value='0.0'/>
          <attr name='Added-HLD Pages (Top Down)' value='5.0'/>
          <attr name='Task Size Units' value='LOC '/>
          <attr name='Misc Size' value='5.0'/>
        </wbsNode>
        <wbsNode name='Duplicar Temas Estrategicos' id='6820630' type='Software Component' indentLevel='3' expanded='true'>
          <attr name='Time Per Person' value='0.0'/>
          <attr name='Added-LOC (Top Down)' value='80.0'/>
          <attr name='Task Size Units' value='LOC '/>
          <attr name='Misc Size' value='80.0'/>
        </wbsNode>
        <wbsNode name='Casos de prueba integrales para duplicar' id='6820631' type='High Level Design Document' indentLevel='3' expanded='true'>
          <attr name='Time Per Person' value='0.0'/>
          <attr name='Added-HLD Pages (Top Down)' value='8.0'/>
          <attr name='Task Size Units' value='LOC '/>
          <attr name='Misc Size' value='8.0'/>
        </wbsNode>
    <wbsNode name='Estados de semaforos' id='6820632' type='Component' indentLevel='1' expanded='true'/>
      <wbsNode name='Implementacion en ontologia' id='6820633' type='Detailed Design Document' indentLevel='2' expanded='true'>
        <attr name='Time Per Person' value='0.0'/>
        <attr name='Task Size Units' value='LOC '/>
        <attr name='Misc Size' value='8.0'/>
        <attr name='Added-DLD Lines (Top Down)' value='8.0'/>
      </wbsNode>
      <wbsNode name='Asignacion de estados de semaforos a los elementos deseados (objetivos, indicadores, entregables)' id='6820634' type='Software Component' indentLevel='2' expanded='true'>
        <attr name='Time Per Person' value='0.0'/>
        <attr name='Added-LOC (Top Down)' value='50.0'/>
        <attr name='Task Size Units' value='LOC '/>
        <attr name='Misc Size' value='50.0'/>
      </wbsNode>
      <wbsNode name='Ordenar' id='6820635' type='Software Component' indentLevel='2' expanded='true'>
        <attr name='Time Per Person' value='0.0'/>
        <attr name='Added-LOC (Top Down)' value='25.0'/>
        <attr name='Task Size Units' value='LOC '/>
        <attr name='Misc Size' value='25.0'/>
      </wbsNode>
      <wbsNode name='Casos de prueba integrales' id='6820636' type='High Level Design Document' indentLevel='2' expanded='true'>
        <attr name='Time Per Person' value='0.0'/>
        <attr name='Added-HLD Pages (Top Down)' value='20.0'/>
        <attr name='Task Size Units' value='LOC '/>
        <attr name='Misc Size' value='20.0'/>
      </wbsNode>
      <wbsNode name='Duplicar' id='6820637' type='Software Component' indentLevel='2' expanded='true'>
        <attr name='Time Per Person' value='0.0'/>
        <attr name='Added-LOC (Top Down)' value='80.0'/>
        <attr name='Task Size Units' value='LOC '/>
        <attr name='Misc Size' value='80.0'/>
      </wbsNode>
      <wbsNode name='Casos de prueba integrales para duplicar' id='6820638' type='High Level Design Document' indentLevel='2' expanded='true'>
        <attr name='Time Per Person' value='0.0'/>
        <attr name='Added-HLD Pages (Top Down)' value='15.0'/>
        <attr name='Task Size Units' value='LOC '/>
        <attr name='Misc Size' value='15.0'/>
      </wbsNode>
    <wbsNode name='Objetivos' id='6820639' type='Component' indentLevel='1' expanded='true'/>
      <wbsNode name='Administracion' id='6820640' type='Component' indentLevel='2' expanded='true'/>
        <wbsNode name='Implementacion en ontologia' id='6820641' type='Detailed Design Document' indentLevel='3' expanded='true'>
          <attr name='Time Per Person' value='0.0'/>
          <attr name='Task Size Units' value='LOC '/>
          <attr name='Misc Size' value='20.0'/>
          <attr name='Added-DLD Lines (Top Down)' value='20.0'/>
        </wbsNode>
        <wbsNode name='Recurso Asignar Periodos' id='6820642' type='Software Component' indentLevel='3' expanded='true'>
          <attr name='Time Per Person' value='0.0'/>
          <attr name='Added-LOC (Top Down)' value='40.0'/>
          <attr name='Task Size Units' value='LOC '/>
          <attr name='Misc Size' value='40.0'/>
        </wbsNode>
        <wbsNode name='Duplicar Objetivo' id='6820643' type='Software Component' indentLevel='3' expanded='true'>
          <attr name='Time Per Person' value='0.0'/>
          <attr name='Added-LOC (Top Down)' value='80.0'/>
          <attr name='Task Size Units' value='LOC '/>
          <attr name='Misc Size' value='80.0'/>
        </wbsNode>
      <wbsNode name='Vista resumen' id='6820644' type='Component' indentLevel='2' expanded='true'/>
        <wbsNode name='Configuracion' id='6820645' type='Software Component' indentLevel='3' expanded='true'>
          <attr name='Time Per Person' value='0.0'/>
          <attr name='Added-LOC (Top Down)' value='200.0'/>
          <attr name='Task Size Units' value='LOC '/>
          <attr name='Misc Size' value='200.0'/>
        </wbsNode>
        <wbsNode name='Presentacion' id='6820646' type='Software Component' indentLevel='3' expanded='true'>
          <attr name='Time Per Person' value='0.0'/>
          <attr name='Added-LOC (Top Down)' value='130.0'/>
          <attr name='Task Size Units' value='LOC '/>
          <attr name='Misc Size' value='130.0'/>
        </wbsNode>
      <wbsNode name='Vista detalle' id='6820647' type='Component' indentLevel='2' expanded='true'/>
        <wbsNode name='Configuracion' id='6820648' type='Software Component' indentLevel='3' expanded='true'>
          <attr name='Time Per Person' value='0.0'/>
          <attr name='Added-LOC (Top Down)' value='200.0'/>
          <attr name='Task Size Units' value='LOC '/>
          <attr name='Misc Size' value='200.0'/>
        </wbsNode>
        <wbsNode name='Presentacion' id='6820649' type='Software Component' indentLevel='3' expanded='true'>
          <attr name='Time Per Person' value='0.0'/>
          <attr name='Added-LOC (Top Down)' value='100.0'/>
          <attr name='Task Size Units' value='LOC '/>
          <attr name='Misc Size' value='100.0'/>
        </wbsNode>
        <wbsNode name='Exportacion PDF y Envio de liga por correo' id='6820650' type='Software Component' indentLevel='3' expanded='true'>
          <attr name='Time Per Person' value='0.0'/>
          <attr name='Added-LOC (Top Down)' value='1050.0'/>
          <attr name='Task Size Units' value='LOC '/>
          <attr name='Misc Size' value='1050.0'/>
        </wbsNode>
      <wbsNode name='Casos de prueba integrales' id='6820651' type='High Level Design Document' indentLevel='2' expanded='true'>
        <attr name='Time Per Person' value='0.0'/>
        <attr name='Added-HLD Pages (Top Down)' value='26.0'/>
        <attr name='Task Size Units' value='LOC '/>
        <attr name='Misc Size' value='26.0'/>
      </wbsNode>
      <wbsNode name='Casos de prueba integrales para exportacion y envio' id='6820652' type='High Level Design Document' indentLevel='2' expanded='true'>
        <attr name='Time Per Person' value='0.0'/>
        <attr name='Added-HLD Pages (Top Down)' value='13.0'/>
        <attr name='Task Size Units' value='LOC '/>
        <attr name='Misc Size' value='13.0'/>
      </wbsNode>
      <wbsNode name='Casos de prueba integrales para duplicar' id='6820653' type='High Level Design Document' indentLevel='2' expanded='true'>
        <attr name='Time Per Person' value='0.0'/>
        <attr name='Added-HLD Pages (Top Down)' value='13.0'/>
        <attr name='Task Size Units' value='LOC '/>
        <attr name='Misc Size' value='13.0'/>
      </wbsNode>
    <wbsNode name='Indicadores' id='6820654' type='Component' indentLevel='1' expanded='true'/>
      <wbsNode name='Administracion' id='6820655' type='Component' indentLevel='2' expanded='true'/>
        <wbsNode name='Implementacion en ontologia' id='6820656' type='Detailed Design Document' indentLevel='3' expanded='true'>
          <attr name='Time Per Person' value='0.0'/>
          <attr name='Task Size Units' value='LOC '/>
          <attr name='Misc Size' value='20.0'/>
          <attr name='Added-DLD Lines (Top Down)' value='20.0'/>
        </wbsNode>
        <wbsNode name='Administrador nuevos periodos' id='6820657' type='Software Component' indentLevel='3' expanded='true'>
          <attr name='Time Per Person' value='0.0'/>
          <attr name='Added-LOC (Top Down)' value='35.0'/>
          <attr name='Task Size Units' value='LOC '/>
          <attr name='Misc Size' value='35.0'/>
        </wbsNode>
        <wbsNode name='Configuracion tabla de datos' id='6820658' type='Software Component' indentLevel='3' expanded='true'>
          <attr name='Time Per Person' value='0.0'/>
          <attr name='Added-LOC (Top Down)' value='200.0'/>
          <attr name='Task Size Units' value='LOC '/>
          <attr name='Misc Size' value='200.0'/>
        </wbsNode>
        <wbsNode name='Duplicar' id='6820659' type='Software Component' indentLevel='3' expanded='true'>
          <attr name='Time Per Person' value='0.0'/>
          <attr name='Added-LOC (Top Down)' value='80.0'/>
          <attr name='Task Size Units' value='LOC '/>
          <attr name='Misc Size' value='80.0'/>
        </wbsNode>
      <wbsNode name='Vista resumen' id='6820660' type='Component' indentLevel='2' expanded='true'/>
        <wbsNode name='Configuracion' id='6820661' type='Software Component' indentLevel='3' expanded='true'>
          <attr name='Time Per Person' value='0.0'/>
          <attr name='Added-LOC (Top Down)' value='200.0'/>
          <attr name='Task Size Units' value='LOC '/>
          <attr name='Misc Size' value='200.0'/>
        </wbsNode>
        <wbsNode name='Presentacion' id='6820662' type='Software Component' indentLevel='3' expanded='true'>
          <attr name='Time Per Person' value='0.0'/>
          <attr name='Added-LOC (Top Down)' value='100.0'/>
          <attr name='Task Size Units' value='LOC '/>
          <attr name='Misc Size' value='100.0'/>
        </wbsNode>
        <wbsNode name='Exportacion PDF y Envio de liga por correo' id='6820663' type='Software Component' indentLevel='3' expanded='true'>
          <attr name='Time Per Person' value='0.0'/>
          <attr name='Added-LOC (Top Down)' value='1050.0'/>
          <attr name='Task Size Units' value='LOC '/>
          <attr name='Misc Size' value='1050.0'/>
        </wbsNode>
      <wbsNode name='Vista detalle' id='6820664' type='Component' indentLevel='2' expanded='true'/>
        <wbsNode name='Configuracion' id='6820665' type='Software Component' indentLevel='3' expanded='true'>
          <attr name='Time Per Person' value='0.0'/>
          <attr name='Added-LOC (Top Down)' value='200.0'/>
          <attr name='Task Size Units' value='LOC '/>
          <attr name='Misc Size' value='200.0'/>
        </wbsNode>
        <wbsNode name='Presentacion' id='6820666' type='Software Component' indentLevel='3' expanded='true'>
          <attr name='Time Per Person' value='0.0'/>
          <attr name='Added-LOC (Top Down)' value='100.0'/>
          <attr name='Task Size Units' value='LOC '/>
          <attr name='Misc Size' value='100.0'/>
        </wbsNode>
        <wbsNode name='Tabla de datos' id='6820667' type='Software Component' indentLevel='3' expanded='true'>
          <attr name='Time Per Person' value='0.0'/>
          <attr name='Added-LOC (Top Down)' value='500.0'/>
          <attr name='Task Size Units' value='LOC '/>
          <attr name='Misc Size' value='500.0'/>
        </wbsNode>
        <wbsNode name='Exportacion PDF y Envio de liga por correo' id='6820668' type='Software Component' indentLevel='3' expanded='true'>
          <attr name='Time Per Person' value='0.0'/>
          <attr name='Added-LOC (Top Down)' value='1050.0'/>
          <attr name='Task Size Units' value='LOC '/>
          <attr name='Misc Size' value='1050.0'/>
        </wbsNode>
      <wbsNode name='Casos de prueba integrales' id='6820669' type='High Level Design Document' indentLevel='2' expanded='true'>
        <attr name='Time Per Person' value='0.0'/>
        <attr name='Added-HLD Pages (Top Down)' value='15.0'/>
        <attr name='Task Size Units' value='LOC '/>
        <attr name='Misc Size' value='15.0'/>
      </wbsNode>
      <wbsNode name='Casos de prueba integrales para tabla de datos, exportacion y correo' id='6820670' type='High Level Design Document' indentLevel='2' expanded='true'>
        <attr name='Time Per Person' value='0.0'/>
        <attr name='Added-HLD Pages (Top Down)' value='44.0'/>
        <attr name='Task Size Units' value='LOC '/>
        <attr name='Misc Size' value='44.0'/>
      </wbsNode>
      <wbsNode name='Casos de prueba integrales para duplicar' id='6820671' type='High Level Design Document' indentLevel='2' expanded='true'>
        <attr name='Time Per Person' value='0.0'/>
        <attr name='Added-HLD Pages (Top Down)' value='10.0'/>
        <attr name='Task Size Units' value='LOC '/>
        <attr name='Misc Size' value='10.0'/>
      </wbsNode>
    <wbsNode name='Series' id='6820672' type='Component' indentLevel='1' expanded='true'/>
      <wbsNode name='Administracion' id='6820673' type='Component' indentLevel='2' expanded='true'/>
        <wbsNode name='Implementacion en ontologia' id='6820674' type='Detailed Design Document' indentLevel='3' expanded='true'>
          <attr name='Time Per Person' value='0.0'/>
          <attr name='Task Size Units' value='LOC '/>
          <attr name='Misc Size' value='8.0'/>
          <attr name='Added-DLD Lines (Top Down)' value='8.0'/>
        </wbsNode>
        <wbsNode name='Recurso asignar estados' id='6820675' type='Software Component' indentLevel='3' expanded='true'>
          <attr name='Time Per Person' value='0.0'/>
          <attr name='Added-LOC (Top Down)' value='40.0'/>
          <attr name='Task Size Units' value='LOC '/>
          <attr name='Misc Size' value='40.0'/>
        </wbsNode>
        <wbsNode name='Recurso de criterios de semaforizacion' id='6820676' type='Software Component' indentLevel='3' expanded='true'>
          <attr name='Time Per Person' value='0.0'/>
          <attr name='Added-LOC (Top Down)' value='200.0'/>
          <attr name='Task Size Units' value='LOC '/>
          <attr name='Misc Size' value='200.0'/>
        </wbsNode>
        <wbsNode name='Casos de prueba integrales' id='6820677' type='High Level Design Document' indentLevel='3' expanded='true'>
          <attr name='Time Per Person' value='0.0'/>
          <attr name='Added-HLD Pages (Top Down)' value='15.0'/>
          <attr name='Task Size Units' value='LOC '/>
          <attr name='Misc Size' value='15.0'/>
        </wbsNode>
        <wbsNode name='Recurso asignar formula' id='6820678' type='Software Component' indentLevel='3' expanded='true'>
          <attr name='Time Per Person' value='0.0'/>
          <attr name='Added-LOC (Top Down)' value='40.0'/>
          <attr name='Task Size Units' value='LOC '/>
          <attr name='Misc Size' value='40.0'/>
        </wbsNode>
        <wbsNode name='Serie de mediciones' id='6820679' type='Software Component' indentLevel='3' expanded='true'>
          <attr name='Time Per Person' value='0.0'/>
          <attr name='Added-LOC (Top Down)' value='70.0'/>
          <attr name='Task Size Units' value='LOC '/>
          <attr name='Misc Size' value='70.0'/>
        </wbsNode>
        <wbsNode name='Serie de valores acumulados' id='6820680' type='Software Component' indentLevel='3' expanded='true'>
          <attr name='Time Per Person' value='0.0'/>
          <attr name='Added-LOC (Top Down)' value='90.0'/>
          <attr name='Task Size Units' value='LOC '/>
          <attr name='Misc Size' value='90.0'/>
        </wbsNode>
        <wbsNode name='Casos de prueba integrales para formulas' id='6820681' type='High Level Design Document' indentLevel='3' expanded='true'>
          <attr name='Time Per Person' value='0.0'/>
          <attr name='Added-HLD Pages (Top Down)' value='15.0'/>
          <attr name='Task Size Units' value='LOC '/>
          <attr name='Misc Size' value='15.0'/>
        </wbsNode>
        <wbsNode name='Casos de prueba integrales para series creadas' id='6820682' type='High Level Design Document' indentLevel='3' expanded='true'>
          <attr name='Time Per Person' value='0.0'/>
          <attr name='Added-HLD Pages (Top Down)' value='15.0'/>
          <attr name='Task Size Units' value='LOC '/>
          <attr name='Misc Size' value='15.0'/>
        </wbsNode>
        <wbsNode name='Duplicar serie' id='6820683' type='Software Component' indentLevel='3' expanded='true'>
          <attr name='Time Per Person' value='0.0'/>
          <attr name='Added-LOC (Top Down)' value='80.0'/>
          <attr name='Task Size Units' value='LOC '/>
          <attr name='Misc Size' value='80.0'/>
        </wbsNode>
        <wbsNode name='Casos de prueba integrales para duplicar' id='6820684' type='High Level Design Document' indentLevel='3' expanded='true'>
          <attr name='Time Per Person' value='0.0'/>
          <attr name='Added-HLD Pages (Top Down)' value='15.0'/>
          <attr name='Task Size Units' value='LOC '/>
          <attr name='Misc Size' value='15.0'/>
        </wbsNode>
    <wbsNode name='Iniciativas' id='6820685' type='Component' indentLevel='1' expanded='true'/>
      <wbsNode name='Administracion' id='6820686' type='Component' indentLevel='2' expanded='true'/>
        <wbsNode name='Implementacion en ontologia' id='6820687' type='Detailed Design Document' indentLevel='3' expanded='true'>
          <attr name='Time Per Person' value='0.0'/>
          <attr name='Task Size Units' value='LOC '/>
          <attr name='Misc Size' value='25.0'/>
          <attr name='Added-DLD Lines (Top Down)' value='25.0'/>
        </wbsNode>
        <wbsNode name='Recurso Asociar a Objetivos' id='6820688' type='Software Component' indentLevel='3' expanded='true'>
          <attr name='Time Per Person' value='0.0'/>
          <attr name='Added-LOC (Top Down)' value='40.0'/>
          <attr name='Task Size Units' value='LOC '/>
          <attr name='Misc Size' value='40.0'/>
        </wbsNode>
      <wbsNode name='Vista resumen' id='6820689' type='Component' indentLevel='2' expanded='true'/>
        <wbsNode name='Configuracion' id='6820690' type='Software Component' indentLevel='3' expanded='true'>
          <attr name='Time Per Person' value='0.0'/>
          <attr name='Added-LOC (Top Down)' value='200.0'/>
          <attr name='Task Size Units' value='LOC '/>
          <attr name='Misc Size' value='200.0'/>
        </wbsNode>
        <wbsNode name='Presentacion' id='6820691' type='Software Component' indentLevel='3' expanded='true'>
          <attr name='Time Per Person' value='0.0'/>
          <attr name='Added-LOC (Top Down)' value='100.0'/>
          <attr name='Task Size Units' value='LOC '/>
          <attr name='Misc Size' value='100.0'/>
        </wbsNode>
        <wbsNode name='Exportacion PDF y Envio de liga por correo' id='6820692' type='Software Component' indentLevel='3' expanded='true'>
          <attr name='Time Per Person' value='0.0'/>
          <attr name='Added-LOC (Top Down)' value='1050.0'/>
          <attr name='Task Size Units' value='LOC '/>
          <attr name='Misc Size' value='1050.0'/>
        </wbsNode>
      <wbsNode name='Vista detalle' id='6820693' type='Component' indentLevel='2' expanded='true'/>
        <wbsNode name='Configuracion' id='6820694' type='Software Component' indentLevel='3' expanded='true'>
          <attr name='Time Per Person' value='0.0'/>
          <attr name='Added-LOC (Top Down)' value='200.0'/>
          <attr name='Task Size Units' value='LOC '/>
          <attr name='Misc Size' value='200.0'/>
        </wbsNode>
        <wbsNode name='Presentacion' id='6820695' type='Software Component' indentLevel='3' expanded='true'>
          <attr name='Time Per Person' value='0.0'/>
          <attr name='Added-LOC (Top Down)' value='100.0'/>
          <attr name='Task Size Units' value='LOC '/>
          <attr name='Misc Size' value='100.0'/>
        </wbsNode>
        <wbsNode name='Lista de entregables y Grafica de Gantt' id='6820696' type='Software Component' indentLevel='3' expanded='true'>
          <attr name='Time Per Person' value='0.0'/>
          <attr name='Added-LOC (Top Down)' value='800.0'/>
          <attr name='Task Size Units' value='LOC '/>
          <attr name='Misc Size' value='800.0'/>
        </wbsNode>
        <wbsNode name='Exportacion PDF y Envio de liga por correo' id='6820697' type='Software Component' indentLevel='3' expanded='true'>
          <attr name='Time Per Person' value='0.0'/>
          <attr name='Added-LOC (Top Down)' value='1050.0'/>
          <attr name='Task Size Units' value='LOC '/>
          <attr name='Misc Size' value='1050.0'/>
        </wbsNode>
      <wbsNode name='Casos de prueba integrales' id='6820698' type='High Level Design Document' indentLevel='2' expanded='true'>
        <attr name='Time Per Person' value='0.0'/>
        <attr name='Added-HLD Pages (Top Down)' value='26.0'/>
        <attr name='Task Size Units' value='LOC '/>
        <attr name='Misc Size' value='26.0'/>
      </wbsNode>
      <wbsNode name='Casos de prueba integrales para entregables y Gantt' id='6820699' type='High Level Design Document' indentLevel='2' expanded='true'>
        <attr name='Time Per Person' value='0.0'/>
        <attr name='Added-HLD Pages (Top Down)' value='26.0'/>
        <attr name='Task Size Units' value='LOC '/>
        <attr name='Misc Size' value='26.0'/>
      </wbsNode>
      <wbsNode name='Casos de prueba integrales para exportacion y correo' id='6820700' type='High Level Design Document' indentLevel='2' expanded='true'>
        <attr name='Time Per Person' value='0.0'/>
        <attr name='Added-HLD Pages (Top Down)' value='15.0'/>
        <attr name='Task Size Units' value='LOC '/>
        <attr name='Misc Size' value='15.0'/>
      </wbsNode>
    <wbsNode name='Mapa Estrategico' id='6820701' type='Component' indentLevel='1' expanded='true'/>
      <wbsNode name='Interactivo' id='6820702' type='Software Component' indentLevel='2' expanded='true'>
        <attr name='Time Per Person' value='0.0'/>
        <attr name='Added-LOC (Top Down)' value='500.0'/>
        <attr name='Task Size Units' value='LOC '/>
        <attr name='Misc Size' value='500.0'/>
      </wbsNode>
      <wbsNode name='Exportacion a PDF' id='6820703' type='Software Component' indentLevel='2' expanded='true'>
        <attr name='Time Per Person' value='0.0'/>
        <attr name='Added-LOC (Top Down)' value='1000.0'/>
        <attr name='Task Size Units' value='LOC '/>
        <attr name='Misc Size' value='1000.0'/>
      </wbsNode>
      <wbsNode name='Casos de prueba integrales' id='6820704' type='High Level Design Document' indentLevel='2' expanded='true'>
        <attr name='Time Per Person' value='0.0'/>
        <attr name='Added-HLD Pages (Top Down)' value='26.0'/>
        <attr name='Task Size Units' value='LOC '/>
        <attr name='Misc Size' value='26.0'/>
      </wbsNode>
      <wbsNode name='Casos de prueba integrales para exportacion' id='6820705' type='High Level Design Document' indentLevel='2' expanded='true'>
        <attr name='Time Per Person' value='0.0'/>
        <attr name='Added-HLD Pages (Top Down)' value='10.0'/>
        <attr name='Task Size Units' value='LOC '/>
        <attr name='Misc Size' value='10.0'/>
      </wbsNode>
    <wbsNode name='Periodos' id='6820706' type='Component' indentLevel='1' expanded='true'/>
      <wbsNode name='Administracion' id='6820707' type='Component' indentLevel='2' expanded='true'/>
        <wbsNode name='Implementacion en ontologia' id='6820708' type='Detailed Design Document' indentLevel='3' expanded='true'>
          <attr name='Time Per Person' value='0.0'/>
          <attr name='Task Size Units' value='LOC '/>
          <attr name='Misc Size' value='10.0'/>
          <attr name='Added-DLD Lines (Top Down)' value='10.0'/>
        </wbsNode>
        <wbsNode name='FormElement Fecha de Inicio' id='6820709' type='Software Component' indentLevel='3' expanded='true'>
          <attr name='Time Per Person' value='0.0'/>
          <attr name='Added-LOC (Top Down)' value='20.0'/>
          <attr name='Task Size Units' value='LOC '/>
          <attr name='Misc Size' value='20.0'/>
        </wbsNode>
        <wbsNode name='FormElement Fecha de Fin' id='6820710' type='Software Component' indentLevel='3' expanded='true'>
          <attr name='Time Per Person' value='0.0'/>
          <attr name='Added-LOC (Top Down)' value='20.0'/>
          <attr name='Task Size Units' value='LOC '/>
          <attr name='Misc Size' value='20.0'/>
        </wbsNode>
        <wbsNode name='Casos de prueba integrales' id='6820711' type='High Level Design Document' indentLevel='3' expanded='true'>
          <attr name='Time Per Person' value='0.0'/>
          <attr name='Added-HLD Pages (Top Down)' value='10.0'/>
          <attr name='Task Size Units' value='LOC '/>
          <attr name='Misc Size' value='10.0'/>
        </wbsNode>
        <wbsNode name='Duplicar' id='6820712' type='Software Component' indentLevel='3' expanded='true'>
          <attr name='Time Per Person' value='0.0'/>
          <attr name='Added-LOC (Top Down)' value='80.0'/>
          <attr name='Task Size Units' value='LOC '/>
          <attr name='Misc Size' value='80.0'/>
        </wbsNode>
        <wbsNode name='Casos de prueba integrales para duplicar' id='6820713' type='High Level Design Document' indentLevel='3' expanded='true'>
          <attr name='Time Per Person' value='0.0'/>
          <attr name='Added-HLD Pages (Top Down)' value='10.0'/>
          <attr name='Task Size Units' value='LOC '/>
          <attr name='Misc Size' value='10.0'/>
        </wbsNode>
    <wbsNode name='Periodicidades' id='6820714' type='Component' indentLevel='1' expanded='true'/>
      <wbsNode name='Administracion' id='6820715' type='Component' indentLevel='2' expanded='true'/>
        <wbsNode name='Implementacion en ontologia' id='6820716' type='Detailed Design Document' indentLevel='3' expanded='true'>
          <attr name='Time Per Person' value='0.0'/>
          <attr name='Task Size Units' value='LOC '/>
          <attr name='Misc Size' value='10.0'/>
          <attr name='Added-DLD Lines (Top Down)' value='10.0'/>
        </wbsNode>
        <wbsNode name='Casos de prueba integrales' id='6820717' type='High Level Design Document' indentLevel='3' expanded='true'>
          <attr name='Time Per Person' value='0.0'/>
          <attr name='Added-HLD Pages (Top Down)' value='8.0'/>
          <attr name='Task Size Units' value='LOC '/>
          <attr name='Misc Size' value='8.0'/>
        </wbsNode>
        <wbsNode name='Duplicar Periodicidad' id='6820718' type='Software Component' indentLevel='3' expanded='true'>
          <attr name='Time Per Person' value='0.0'/>
          <attr name='Added-LOC (Top Down)' value='80.0'/>
          <attr name='Task Size Units' value='LOC '/>
          <attr name='Misc Size' value='80.0'/>
        </wbsNode>
        <wbsNode name='Casos de prueba integrales para duplicar' id='6820719' type='High Level Design Document' indentLevel='3' expanded='true'>
          <attr name='Time Per Person' value='0.0'/>
          <attr name='Added-HLD Pages (Top Down)' value='5.0'/>
          <attr name='Task Size Units' value='LOC '/>
          <attr name='Misc Size' value='5.0'/>
        </wbsNode>
    <wbsNode name='Mi Perfil' id='6820720' type='Component' indentLevel='1' expanded='true'/>
      <wbsNode name='Despliegue de mi perfil' id='6820721' type='Software Component' indentLevel='2' expanded='true'>
        <attr name='Time Per Person' value='0.0'/>
        <attr name='Added-LOC (Top Down)' value='50.0'/>
        <attr name='Task Size Units' value='LOC '/>
        <attr name='Misc Size' value='50.0'/>
      </wbsNode>
      <wbsNode name='Cambiar y confirmar nueva contrasena' id='6820722' type='Software Component' indentLevel='2' expanded='true'>
        <attr name='Time Per Person' value='0.0'/>
        <attr name='Added-LOC (Top Down)' value='20.0'/>
        <attr name='Task Size Units' value='LOC '/>
        <attr name='Misc Size' value='20.0'/>
      </wbsNode>
      <wbsNode name='Casos de prueba integrales' id='6820723' type='High Level Design Document' indentLevel='2' expanded='true'>
        <attr name='Time Per Person' value='0.0'/>
        <attr name='Added-HLD Pages (Top Down)' value='16.0'/>
        <attr name='Task Size Units' value='LOC '/>
        <attr name='Misc Size' value='16.0'/>
      </wbsNode>
    <wbsNode name='Confirmar elemento' id='6820724' type='Component' indentLevel='1' expanded='true'/>
      <wbsNode name='Implementar FormElement' id='6820725' type='Software Component' indentLevel='2' expanded='true'>
        <attr name='Time Per Person' value='0.0'/>
        <attr name='Added-LOC (Top Down)' value='50.0'/>
        <attr name='Task Size Units' value='LOC '/>
        <attr name='Misc Size' value='50.0'/>
      </wbsNode>
      <wbsNode name='Implementacion en ontologia' id='6820726' type='Detailed Design Document' indentLevel='2' expanded='true'>
        <attr name='Time Per Person' value='0.0'/>
        <attr name='Task Size Units' value='LOC '/>
        <attr name='Misc Size' value='5.0'/>
        <attr name='Added-DLD Lines (Top Down)' value='5.0'/>
      </wbsNode>
      <wbsNode name='Casos de prueba integrales' id='6820727' type='High Level Design Document' indentLevel='2' expanded='true'>
        <attr name='Time Per Person' value='0.0'/>
        <attr name='Added-HLD Pages (Top Down)' value='10.0'/>
        <attr name='Task Size Units' value='LOC '/>
        <attr name='Misc Size' value='10.0'/>
      </wbsNode>
    <wbsNode name='Usuarios' id='6820728' type='Component' indentLevel='1' expanded='true'/>
      <wbsNode name='Propiedades extendidas' id='6820729' type='Detailed Design Document' indentLevel='2' expanded='true'>
        <attr name='Time Per Person' value='0.0'/>
        <attr name='Added-LOC (Top Down)' value='1.0'/>
        <attr name='Task Size Units' value='LOC '/>
        <attr name='Misc Size' value='1.0'/>
        <attr name='Added-DLD Lines (Top Down)' value='1.0'/>
      </wbsNode>
      <wbsNode name='Casos de prueba integrales' id='6820730' type='High Level Design Document' indentLevel='2' expanded='true'>
        <attr name='Time Per Person' value='0.0'/>
        <attr name='Added-HLD Pages (Top Down)' value='52.0'/>
        <attr name='Task Size Units' value='LOC '/>
        <attr name='Misc Size' value='52.0'/>
      </wbsNode>
    <wbsNode name='Graficador' id='6820731' type='Component' indentLevel='1' expanded='true'/>
      <wbsNode name='Configuracion de grafica' id='6820732' type='Software Component' indentLevel='2' expanded='true'>
        <attr name='Time Per Person' value='0.0'/>
        <attr name='Added-LOC (Top Down)' value='450.0'/>
        <attr name='Task Size Units' value='LOC '/>
        <attr name='Misc Size' value='450.0'/>
      </wbsNode>
      <wbsNode name='Generacion de grafica' id='6820733' type='Software Component' indentLevel='2' expanded='true'>
        <attr name='Time Per Person' value='0.0'/>
        <attr name='Added-LOC (Top Down)' value='150.0'/>
        <attr name='Task Size Units' value='LOC '/>
        <attr name='Misc Size' value='150.0'/>
      </wbsNode>
      <wbsNode name='Casos de prueba integrales' id='6820734' type='High Level Design Document' indentLevel='2' expanded='true'>
        <attr name='Time Per Person' value='0.0'/>
        <attr name='Added-HLD Pages (Top Down)' value='16.0'/>
        <attr name='Task Size Units' value='LOC '/>
        <attr name='Misc Size' value='16.0'/>
      </wbsNode>
      <wbsNode name='Duplicar grafica' id='6820735' type='Software Component' indentLevel='2' expanded='true'>
        <attr name='Time Per Person' value='0.0'/>
        <attr name='Added-LOC (Top Down)' value='80.0'/>
        <attr name='Task Size Units' value='LOC '/>
        <attr name='Misc Size' value='80.0'/>
      </wbsNode>
      <wbsNode name='Casos de prueba integrales para duplicar' id='6820736' type='High Level Design Document' indentLevel='2' expanded='true'>
        <attr name='Time Per Person' value='0.0'/>
        <attr name='Added-HLD Pages (Top Down)' value='15.0'/>
        <attr name='Task Size Units' value='LOC '/>
        <attr name='Misc Size' value='15.0'/>
      </wbsNode>
    <wbsNode name='Formulas' id='6820737' type='Component' indentLevel='1' expanded='true'/>
      <wbsNode name='Administracion' id='6820738' type='Component' indentLevel='2' expanded='true'/>
        <wbsNode name='Implementacion en ontologia' id='6820739' type='Detailed Design Document' indentLevel='3' expanded='true'>
          <attr name='Time Per Person' value='0.0'/>
          <attr name='Task Size Units' value='LOC '/>
          <attr name='Misc Size' value='8.0'/>
          <attr name='Added-DLD Lines (Top Down)' value='8.0'/>
        </wbsNode>
        <wbsNode name='Formula Suma acumulada' id='6820740' type='Software Component' indentLevel='3' expanded='true'>
          <attr name='Time Per Person' value='0.0'/>
          <attr name='Added-LOC (Top Down)' value='120.0'/>
          <attr name='Task Size Units' value='LOC '/>
          <attr name='Misc Size' value='120.0'/>
        </wbsNode>
        <wbsNode name='Casos de prueba integrales para formulas' id='6820741' type='High Level Design Document' indentLevel='3' expanded='true'>
          <attr name='Time Per Person' value='0.0'/>
          <attr name='Added-HLD Pages (Top Down)' value='5.0'/>
          <attr name='Task Size Units' value='LOC '/>
          <attr name='Misc Size' value='5.0'/>
        </wbsNode>
        <wbsNode name='Duplicar formula' id='6820742' type='Software Component' indentLevel='3' expanded='true'>
          <attr name='Time Per Person' value='0.0'/>
          <attr name='Added-LOC (Top Down)' value='80.0'/>
          <attr name='Task Size Units' value='LOC '/>
          <attr name='Misc Size' value='80.0'/>
        </wbsNode>
        <wbsNode name='Casos de prueba integrales para duplicar' id='6820743' type='High Level Design Document' indentLevel='3' expanded='true'>
          <attr name='Time Per Person' value='0.0'/>
          <attr name='Added-HLD Pages (Top Down)' value='15.0'/>
          <attr name='Task Size Units' value='LOC '/>
          <attr name='Misc Size' value='15.0'/>
        </wbsNode>
    <wbsNode name='Manual tecnico' id='6820744' type='General Document' indentLevel='1' expanded='true'>
      <attr name='Time Per Person' value='0.0'/>
      <attr name='Task Size Units' value='LOC '/>
      <attr name='Misc Size' value='550.0'/>
      <attr name='Added-Text Pages (Top Down)' value='550.0'/>
    </wbsNode>
    <wbsNode name='Reportes' id='6820745' type='Component' indentLevel='1' expanded='true'/>
      <wbsNode name='Recursos de plantillas y ejecucion de reportes' id='6820746' type='Software Component' indentLevel='2' expanded='true'>
        <attr name='Time Per Person' value='0.0'/>
        <attr name='Added-LOC (Top Down)' value='3200.0'/>
        <attr name='Task Size Units' value='LOC '/>
        <attr name='Misc Size' value='3200.0'/>
      </wbsNode>
      <wbsNode name='Casos de prueba integrales' id='6820747' type='High Level Design Document' indentLevel='2' expanded='true'>
        <attr name='Time Per Person' value='0.0'/>
        <attr name='Added-HLD Pages (Top Down)' value='50.0'/>
        <attr name='Task Size Units' value='LOC '/>
        <attr name='Misc Size' value='50.0'/>
      </wbsNode>
    <wbsNode name='Auditoria' id='6820748' type='Component' indentLevel='1' expanded='true'/>
      <wbsNode name='Reporteador de accesos y operaciones sobre elementos del BSC' id='6820749' type='Software Component' indentLevel='2' expanded='true'>
        <attr name='Time Per Person' value='0.0'/>
        <attr name='Added-LOC (Top Down)' value='300.0'/>
        <attr name='Task Size Units' value='LOC '/>
        <attr name='Misc Size' value='300.0'/>
      </wbsNode>
      <wbsNode name='Casos de prueba integrales' id='6820750' type='High Level Design Document' indentLevel='2' expanded='true'>
        <attr name='Time Per Person' value='0.0'/>
        <attr name='Added-HLD Pages (Top Down)' value='78.0'/>
        <attr name='Task Size Units' value='LOC '/>
        <attr name='Misc Size' value='78.0'/>
      </wbsNode>
    <wbsNode name='Ayuda' id='6820751' type='Component' indentLevel='1' expanded='true'/>
      <wbsNode name='Redaccion de texto de ayuda' id='6820752' type='General Document' indentLevel='2' expanded='true'>
        <attr name='Time Per Person' value='0.0'/>
        <attr name='Task Size Units' value='LOC '/>
        <attr name='Misc Size' value='10.0'/>
        <attr name='Added-Text Pages (Top Down)' value='10.0'/>
      </wbsNode>
      <wbsNode name='FormElement de extraccion de texto de ayuda' id='6820753' type='Software Component' indentLevel='2' expanded='true'>
        <attr name='Time Per Person' value='0.0'/>
        <attr name='Added-LOC (Top Down)' value='25.0'/>
        <attr name='Task Size Units' value='LOC '/>
        <attr name='Misc Size' value='25.0'/>
      </wbsNode>
      <wbsNode name='Casos de prueba integrales' id='6820754' type='High Level Design Document' indentLevel='2' expanded='true'>
        <attr name='Time Per Person' value='0.0'/>
        <attr name='Added-HLD Pages (Top Down)' value='30.0'/>
        <attr name='Task Size Units' value='LOC '/>
        <attr name='Misc Size' value='30.0'/>
      </wbsNode>
    <wbsNode name='Campos personalizados' id='6820755' type='Component' indentLevel='1' expanded='true'/>
      <wbsNode name='Recurso y Duplicacion' id='6820756' type='Software Component' indentLevel='2' expanded='true'>
        <attr name='Time Per Person' value='0.0'/>
        <attr name='Added-LOC (Top Down)' value='180.0'/>
        <attr name='Task Size Units' value='LOC '/>
        <attr name='Misc Size' value='180.0'/>
      </wbsNode>
      <wbsNode name='Casos de prueba integrales' id='6820757' type='High Level Design Document' indentLevel='2' expanded='true'>
        <attr name='Time Per Person' value='0.0'/>
        <attr name='Added-HLD Pages (Top Down)' value='26.0'/>
        <attr name='Task Size Units' value='LOC '/>
        <attr name='Misc Size' value='26.0'/>
      </wbsNode>
    <wbsNode name='Notificaciones por correo' id='6820758' type='Component' indentLevel='1' expanded='true'/>
      <wbsNode name='Administracion' id='6820759' type='Component' indentLevel='2' expanded='true'/>
        <wbsNode name='Recursos de administracion' id='6820760' type='Software Component' indentLevel='3' expanded='true'>
          <attr name='Time Per Person' value='0.0'/>
          <attr name='Added-LOC (Top Down)' value='320.0'/>
          <attr name='Task Size Units' value='LOC '/>
          <attr name='Misc Size' value='320.0'/>
        </wbsNode>
        <wbsNode name='Implementacion en ontologia' id='6820761' type='Detailed Design Document' indentLevel='3' expanded='true'>
          <attr name='Time Per Person' value='0.0'/>
          <attr name='Task Size Units' value='LOC '/>
          <attr name='Misc Size' value='12.0'/>
          <attr name='Added-DLD Lines (Top Down)' value='12.0'/>
        </wbsNode>
        <wbsNode name='Casos de prueba integrales' id='6820762' type='High Level Design Document' indentLevel='3' expanded='true'>
          <attr name='Time Per Person' value='0.0'/>
          <attr name='Added-HLD Pages (Top Down)' value='26.0'/>
          <attr name='Task Size Units' value='LOC '/>
          <attr name='Misc Size' value='26.0'/>
        </wbsNode>
    <wbsNode name='Requerimientos Faltantes' id='6820763' type='Component' indentLevel='1' expanded='true'/>
      <wbsNode name='Codigo' id='6820764' type='Software Component' indentLevel='2' expanded='true'>
        <attr name='Time Per Person' value='0.0'/>
        <attr name='Added-LOC (Top Down)' value='2700.0'/>
        <attr name='Task Size Units' value='LOC '/>
        <attr name='Misc Size' value='2700.0'/>
      </wbsNode>
      <wbsNode name='Implementacion en ontologia' id='6820765' type='Detailed Design Document' indentLevel='2' expanded='true'>
        <attr name='Time Per Person' value='0.0'/>
        <attr name='Task Size Units' value='LOC '/>
        <attr name='Misc Size' value='40.0'/>
        <attr name='Added-DLD Lines (Top Down)' value='40.0'/>
      </wbsNode>
      <wbsNode name='Casos de prueba integrales' id='6820766' type='High Level Design Document' indentLevel='2' expanded='true'>
        <attr name='Time Per Person' value='0.0'/>
        <attr name='Added-HLD Pages (Top Down)' value='90.0'/>
        <attr name='Task Size Units' value='LOC '/>
        <attr name='Misc Size' value='90.0'/>
      </wbsNode>
</wbsModel>
