<?xml version="1.0" encoding="UTF-8"?><changeHistory><change uid="hhb275wk-7aom" user="Various individuals"/><change uid="hhb3c13t-fq4w" user="MEJS"/><change uid="hhb3lyhr-sb09" user="MEJS"/><change uid="hhbhxv8s-5w4m" user="MEJS"/><change uid="hhbkag9c-c0jp" user="MEJS"/><change uid="hhbkq1am-stun" user="MEJS"/><change uid="hhbl0jxt-6v6t" user="MEJS"/><change uid="hhbl3suf-v7qv" user="MEJS"/><change uid="hhblvi9o-f34r" user="MEJS"/><change uid="hhbm8ygq-g68c" user="MEJS"/><change uid="hhbmkyao-d0ar" user="MEJS"/><change uid="hhc4cf3f-j3vh" user="MEJS"/><change uid="hhc6bymq-f4nq" user="MEJS"/><change uid="hhc6dso0-3105" user="MEJS"/><change uid="hhc6jacd-pnpg" user="MEJS"/><change uid="hhc6v4jo-rcud" user="MEJS"/><change uid="hhc74rwx-nulg" user="MEJS"/><change uid="hhc7i22j-76pt" user="MEJS"/><change uid="hhc7ov20-5eq7" user="MEJS"/><change uid="hhc7qssj-jqtt" user="MEJS"/><change uid="hhc82pt1-jbry" user="MEJS"/><change uid="hhc8a227-vtn1" user="MEJS"/><change uid="hhc8cbo7-3y0u" user="MEJS"/><change uid="hhc8g9cu-27fa" user="MEJS"/><change uid="hhc8oyhv-2vxv" user="MEJS"/><change uid="hhc8sljt-cs51" user="MEJS"/><change uid="hhc8zbx7-evyg" user="MEJS"/><change uid="hhckab6n-8ziv" user=""/><change uid="hhcn7u0b-hhe5" user=""/><change uid="hhcnam0s-jrpn" user=""/><change uid="hhcnwyps-dp6x" user=""/></changeHistory>