<teamList firstDayOfWeek='2' referenceDate='@1369947600000'>
  <teamMember name='Carlos I. Ramos I.' tmid='1524769438' initials='CIRI' color='#9933ff' startDate='@1370217600000' startWeek='1' endWeek='32' hoursPerWeek='20.0'>
    <scheduleException week='16' hours='16.0'/>
    <scheduleException week='25' hours='16.0'/>
    <scheduleException week='29' hours='10.0'/>
    <scheduleException week='30' hours='0.0'/>
  </teamMember>
  <teamMember name='Jose Jimenez' tmid='1032449092' initials='JRJN' color='#6666ff' startDate='@1370217600000' startWeek='1' endWeek='32' hoursPerWeek='24.0'>
    <scheduleException week='1' hours='19.0'/>
    <scheduleException week='2' hours='19.0'/>
    <scheduleException week='3' hours='19.0'/>
    <scheduleException week='4' hours='19.0'/>
    <scheduleException week='7' hours='19.0'/>
    <scheduleException week='8' hours='19.0'/>
    <scheduleException week='11' hours='19.0'/>
    <scheduleException week='46' hours='19.0'/>
    <scheduleException week='12' hours='19.0'/>
    <scheduleException week='13' hours='0.0'/>
    <scheduleException week='15' hours='19.0'/>
    <scheduleException week='16' hours='14.0'/>
    <scheduleException week='19' hours='19.0'/>
    <scheduleException week='20' hours='19.0'/>
    <scheduleException week='23' hours='19.0'/>
    <scheduleException week='25' hours='19.0'/>
    <scheduleException week='24' hours='19.0'/>
    <scheduleException week='27' hours='19.0'/>
    <scheduleException week='28' hours='19.0'/>
    <scheduleException week='30' hours='19.0'/>
  </teamMember>
  <teamMember name='Martha E. Jimenez Salgado' tmid='96940476' initials='MEJS' color='#00ccff' startDate='@1370217600000' startWeek='1' endWeek='32' hoursPerWeek='20.0'>
    <scheduleException week='1' hours='12.0'/>
    <scheduleException week='16' hours='16.0'/>
    <scheduleException week='25' hours='16.0'/>
    <scheduleException week='26' hours='12.0'/>
    <scheduleException week='13' hours='12.0'/>
    <scheduleException week='30' hours='0.0'/>
  </teamMember>
</teamList>
