<?xml version='1.0' encoding='UTF-8'?>
<project name='Common Workflows' id='469505' tid='hhauq8h7:469505' dumpFileVersion='3.13.0'>
	<workflow name='Desarrollo de codigo' id='469457' tid='hhauq8h7:469457'>
		<task name='- Planeacion Codigo' id='469458' tid='hhauq8h7:469458' phaseName='Planning' phaseType='PLAN'/>
		<task name='- Diseno de pruebas unitarias' id='469459' tid='hhauq8h7:469459' phaseName='Design' phaseType='DLD'/>
		<task name='- Diseno detallado' id='469460' tid='hhauq8h7:469460' phaseName='Design' phaseType='DLD'/>
		<task name='- Revision de diseno detallado' id='469461' tid='hhauq8h7:469461' phaseName='Design Review' phaseType='DLDR'/>
		<task name='- Codificacion' id='469462' tid='hhauq8h7:469462' phaseName='Code' phaseType='CODE'/>
		<task name='- Revision de codigo' id='469463' tid='hhauq8h7:469463' phaseName='Code Review' phaseType='CR'/>
		<task name='- Pruebas unitarias' id='469464' tid='hhauq8h7:469464' phaseName='Test' phaseType='UT'/>
		<task name='- Postmortem Codigo' id='469465' tid='hhauq8h7:469465' phaseName='Postmortem' phaseType='PM'/>
	</workflow>
	<workflow name='Desarrollo de Ontologia' id='469466' tid='hhauq8h7:469466'>
		<task name='- Planeacion y entendimiento Ontologia' id='469467' tid='hhauq8h7:469467' phaseName='Planning' phaseType='PLAN'/>
		<task name='- Diseno de pruebas unitarias' id='469468' tid='hhauq8h7:469468' phaseName='Design' phaseType='DLD'/>
		<task name='- Codificacion' id='469469' tid='hhauq8h7:469469' phaseName='Design' phaseType='DLD'/>
		<task name='- Revision de codigo' id='469470' tid='hhauq8h7:469470' phaseName='Code Review' phaseType='CR'/>
		<task name='- Generacion de Codigo' id='469471' tid='hhauq8h7:469471' phaseName='Compile' phaseType='COMP'/>
		<task name='- Pruebas' id='469472' tid='hhauq8h7:469472' phaseName='Test' phaseType='UT'/>
		<task name='- Postmortem Ontologia' id='469473' tid='hhauq8h7:469473' phaseName='Postmortem' phaseType='PM'/>
	</workflow>
	<workflow name='Desarrollo Documentos de Prueba Integral' id='469474' tid='hhauq8h7:469474'>
		<task name='- Planeacion documento PI' id='469475' tid='hhauq8h7:469475' phaseName='Planning' phaseType='PLAN'/>
		<task name='- Disenar Caso de Prueba' id='469476' tid='hhauq8h7:469476' phaseName='HLD' phaseType='HLD'/>
		<task name='- Escribir Caso de Prueba' id='469477' tid='hhauq8h7:469477' phaseName='HLD' phaseType='HLD'/>
		<task name='- Revision de Caso de Prueba' id='469478' tid='hhauq8h7:469478' phaseName='HLD Review' phaseType='HLDRINSP'/>
		<task name='- Postmortem documento PI' id='469479' tid='hhauq8h7:469479' phaseName='Postmortem' phaseType='PM'/>
	</workflow>
	<workflow name='Ejecucion de Pruebas Integrales' id='469480' tid='hhauq8h7:469480'>
		<task name='- Planeacion de la ejecucion PI' id='469481' tid='hhauq8h7:469481' phaseName='Planning' phaseType='PLAN'/>
		<task name='- Preparacion de pruebas' id='469482' tid='hhauq8h7:469482' phaseName='Int Test' phaseType='IT'/>
		<task name='- Ejecucion de pruebas' id='469483' tid='hhauq8h7:469483' phaseName='Int Test' phaseType='IT'/>
		<task name='- Revision del reporte generado' id='469484' tid='hhauq8h7:469484' phaseName='Int Test' phaseType='IT'/>
		<task name='- Postmortem de la ejecucion PI' id='469485' tid='hhauq8h7:469485' phaseName='Postmortem' phaseType='PM'/>
	</workflow>
	<workflow name='Desarrollo Manual Tecnico' id='469486' tid='hhauq8h7:469486'>
		<task name='- Planeacion manual tecnico' id='469487' tid='hhauq8h7:469487' phaseName='Planning' phaseType='PLAN'/>
		<task name='- Revision de insumos' id='469488' tid='hhauq8h7:469488' phaseName='Documentation' phaseType='DOC'/>
		<task name='- Ejecucion de la generacion del manual' id='469489' tid='hhauq8h7:469489' phaseName='Documentation' phaseType='DOC'/>
		<task name='- Revision del reporte generado' id='469490' tid='hhauq8h7:469490' phaseName='Documentation' phaseType='DOC'/>
		<task name='- Postmortem manual tecnico' id='469491' tid='hhauq8h7:469491' phaseName='Postmortem' phaseType='PM'/>
	</workflow>
	<workflow name='Inspeccion Diseno' id='469492' tid='hhauq8h7:469492'>
		<task name='Revision Preliminar Diseno' id='469494' tid='hhauq8h7:469494' phaseName='Design Inspect' phaseType='DLDINSP'/>
		<task name='Presentacion de la Inspeccion Diseno' id='469495' tid='hhauq8h7:469495' phaseName='Design Inspect' phaseType='DLDINSP'/>
		<task name='Inspeccion Individual Diseno' id='469496' tid='hhauq8h7:469496' phaseName='Design Inspect' phaseType='DLDINSP'/>
		<task name='Junta de Inspeccion Diseno' id='469497' tid='hhauq8h7:469497' phaseName='Design Inspect' phaseType='DLDINSP'/>
		<task name='Correccion y Verificacion Diseno' id='469498' tid='hhauq8h7:469498' phaseName='Design Inspect' phaseType='DLDINSP'/>
	</workflow>
	<workflow name='Inspeccion Codigo' id='469499' tid='hhauq8h7:469499'>
		<task name='Revision Preliminar Codigo' id='469500' tid='hhauq8h7:469500' phaseName='Code Inspect' phaseType='CODEINSP'/>
		<task name='Presentacion de la Inspeccion Codigo' id='469501' tid='hhauq8h7:469501' phaseName='Code Inspect' phaseType='CODEINSP'/>
		<task name='Inspeccion Individual Codigo' id='469502' tid='hhauq8h7:469502' phaseName='Code Inspect' phaseType='CODEINSP'/>
		<task name='Junta de Inspeccion Codigo' id='469503' tid='hhauq8h7:469503' phaseName='Code Inspect' phaseType='CODEINSP'/>
		<task name='Correccion y Verificacion Codigo' id='469504' tid='hhauq8h7:469504' phaseName='Code Inspect' phaseType='CODEINSP'/>
	</workflow>
</project>
