<wbsModel>
  <wbsNode name='Common Workflows' id='469505' type='Project' indentLevel='0' expanded='true'>
    <attr name='createdWithVersion' value='3.13.0'/>
  </wbsNode>
    <wbsNode name='Desarrollo de codigo' id='469457' type='Unknown Task' indentLevel='1' expanded='true'>
      <attr name='Rate' value='0.0'/>
    </wbsNode>
      <wbsNode name='- Planeacion Codigo' id='469458' type='Planning Task' indentLevel='2' expanded='true'>
        <attr name='Workflow Rate' value='20.0'/>
        <attr name='Workflow Percentage' value='4.5'/>
        <attr name='Rate' value='444.44444444444446'/>
      </wbsNode>
      <wbsNode name='- Diseno de pruebas unitarias' id='469459' type='Design Task' indentLevel='2' expanded='true'>
        <attr name='Workflow Rate' value='20.0'/>
        <attr name='Workflow Percentage' value='12.5'/>
        <attr name='Rate' value='160.0'/>
        <attr name='Task Size Units' value='LOC'/>
      </wbsNode>
      <wbsNode name='- Diseno detallado' id='469460' type='Design Task' indentLevel='2' expanded='true'>
        <attr name='Workflow Rate' value='20.0'/>
        <attr name='Workflow Percentage' value='24.1'/>
        <attr name='Rate' value='82.9875518672199'/>
        <attr name='Task Size Units' value='LOC'/>
      </wbsNode>
      <wbsNode name='- Revision de diseno detallado' id='469461' type='Design Review Task' indentLevel='2' expanded='true'>
        <attr name='Workflow Rate' value='20.0'/>
        <attr name='Workflow Percentage' value='13.3'/>
        <attr name='Rate' value='150.37593984962405'/>
        <attr name='Task Size Units' value='LOC'/>
      </wbsNode>
      <wbsNode name='- Codificacion' id='469462' type='Code Task' indentLevel='2' expanded='true'>
        <attr name='Workflow Rate' value='20.0'/>
        <attr name='Workflow Percentage' value='17.9'/>
        <attr name='Rate' value='111.73184357541899'/>
      </wbsNode>
      <wbsNode name='- Revision de codigo' id='469463' type='Code Review Task' indentLevel='2' expanded='true'>
        <attr name='Workflow Rate' value='20.0'/>
        <attr name='Workflow Percentage' value='8.9'/>
        <attr name='Rate' value='224.71910112359546'/>
      </wbsNode>
      <wbsNode name='- Pruebas unitarias' id='469464' type='Test Task' indentLevel='2' expanded='true'>
        <attr name='Workflow Rate' value='20.0'/>
        <attr name='Workflow Percentage' value='14.3'/>
        <attr name='Rate' value='139.86013986013984'/>
      </wbsNode>
      <wbsNode name='- Postmortem Codigo' id='469465' type='Postmortem Task' indentLevel='2' expanded='true'>
        <attr name='Workflow Rate' value='20.0'/>
        <attr name='Workflow Percentage' value='4.5'/>
        <attr name='Rate' value='444.44444444444446'/>
      </wbsNode>
    <wbsNode name='Desarrollo de Ontologia' id='469466' type='Unknown Task' indentLevel='1' expanded='true'>
      <attr name='Rate' value='0.0'/>
    </wbsNode>
      <wbsNode name='- Planeacion y entendimiento Ontologia' id='469467' type='Planning Task' indentLevel='2' expanded='true'>
        <attr name='Workflow Rate' value='8.0'/>
        <attr name='Workflow Percentage' value='22.0'/>
        <attr name='Rate' value='36.36363636363637'/>
        <attr name='Task Size Units' value='DLD Lines'/>
      </wbsNode>
      <wbsNode name='- Diseno de pruebas unitarias' id='469468' type='Design Task' indentLevel='2' expanded='true'>
        <attr name='Workflow Rate' value='8.0'/>
        <attr name='Workflow Percentage' value='5.0'/>
        <attr name='Rate' value='160.0'/>
      </wbsNode>
      <wbsNode name='- Codificacion' id='469469' type='Design Task' indentLevel='2' expanded='true'>
        <attr name='Workflow Rate' value='8.0'/>
        <attr name='Workflow Percentage' value='38.0'/>
        <attr name='Rate' value='21.05263157894737'/>
        <attr name='Task Size Units' value='DLD Lines'/>
      </wbsNode>
      <wbsNode name='- Revision de codigo' id='469470' type='Code Review Task' indentLevel='2' expanded='true'>
        <attr name='Workflow Rate' value='8.0'/>
        <attr name='Workflow Percentage' value='19.0'/>
        <attr name='Rate' value='42.10526315789474'/>
        <attr name='Task Size Units' value='DLD Lines'/>
      </wbsNode>
      <wbsNode name='- Generacion de Codigo' id='469471' type='Compile Task' indentLevel='2' expanded='true'>
        <attr name='Workflow Rate' value='8.0'/>
        <attr name='Workflow Percentage' value='1.0'/>
        <attr name='Rate' value='800.0'/>
        <attr name='Task Size Units' value='DLD Lines'/>
      </wbsNode>
      <wbsNode name='- Pruebas' id='469472' type='Test Task' indentLevel='2' expanded='true'>
        <attr name='Workflow Rate' value='8.0'/>
        <attr name='Workflow Percentage' value='10.0'/>
        <attr name='Rate' value='80.0'/>
        <attr name='Task Size Units' value='DLD Lines'/>
      </wbsNode>
      <wbsNode name='- Postmortem Ontologia' id='469473' type='Postmortem Task' indentLevel='2' expanded='true'>
        <attr name='Workflow Rate' value='8.0'/>
        <attr name='Workflow Percentage' value='5.0'/>
        <attr name='Rate' value='160.0'/>
        <attr name='Task Size Units' value='DLD Lines'/>
      </wbsNode>
    <wbsNode name='Desarrollo Documentos de Prueba Integral' id='469474' type='Unknown Task' indentLevel='1' expanded='true'>
      <attr name='Rate' value='0.0'/>
    </wbsNode>
      <wbsNode name='- Planeacion documento PI' id='469475' type='Planning Task' indentLevel='2' expanded='true'>
        <attr name='Workflow Rate' value='10.0'/>
        <attr name='Workflow Percentage' value='5.0'/>
        <attr name='Rate' value='199.99999999999997'/>
        <attr name='Task Size Units' value='HLD Pages'/>
      </wbsNode>
      <wbsNode name='- Disenar Caso de Prueba' id='469476' type='HLD Task' indentLevel='2' expanded='true'>
        <attr name='Workflow Rate' value='10.0'/>
        <attr name='Workflow Percentage' value='15.0'/>
        <attr name='Rate' value='66.66666666666667'/>
      </wbsNode>
      <wbsNode name='- Escribir Caso de Prueba' id='469477' type='HLD Task' indentLevel='2' expanded='true'>
        <attr name='Workflow Rate' value='10.0'/>
        <attr name='Workflow Percentage' value='50.0'/>
        <attr name='Rate' value='20.0'/>
      </wbsNode>
      <wbsNode name='- Revision de Caso de Prueba' id='469478' type='HLD Review Task' indentLevel='2' expanded='true'>
        <attr name='Workflow Rate' value='10.0'/>
        <attr name='Workflow Percentage' value='25.0'/>
        <attr name='Rate' value='40.0'/>
      </wbsNode>
      <wbsNode name='- Postmortem documento PI' id='469479' type='Postmortem Task' indentLevel='2' expanded='true'>
        <attr name='Workflow Rate' value='10.0'/>
        <attr name='Workflow Percentage' value='5.0'/>
        <attr name='Rate' value='199.99999999999997'/>
        <attr name='Task Size Units' value='HLD Pages'/>
      </wbsNode>
    <wbsNode name='Ejecucion de Pruebas Integrales' id='469480' type='Unknown Task' indentLevel='1' expanded='true'>
      <attr name='Rate' value='0.0'/>
    </wbsNode>
      <wbsNode name='- Planeacion de la ejecucion PI' id='469481' type='Planning Task' indentLevel='2' expanded='true'>
        <attr name='Workflow Rate' value='30.0'/>
        <attr name='Workflow Percentage' value='5.0'/>
        <attr name='Rate' value='600.0'/>
        <attr name='Task Size Units' value='HLD Pages'/>
      </wbsNode>
      <wbsNode name='- Preparacion de pruebas' id='469482' type='Int Test Task' indentLevel='2' expanded='true'>
        <attr name='Workflow Rate' value='30.0'/>
        <attr name='Workflow Percentage' value='25.0'/>
        <attr name='Rate' value='120.0'/>
        <attr name='Task Size Units' value='HLD Pages'/>
      </wbsNode>
      <wbsNode name='- Ejecucion de pruebas' id='469483' type='Int Test Task' indentLevel='2' expanded='true'>
        <attr name='Workflow Rate' value='30.0'/>
        <attr name='Workflow Percentage' value='43.0'/>
        <attr name='Rate' value='69.76744186046511'/>
        <attr name='Task Size Units' value='HLD Pages'/>
      </wbsNode>
      <wbsNode name='- Revision del reporte generado' id='469484' type='Int Test Task' indentLevel='2' expanded='true'>
        <attr name='Workflow Rate' value='30.0'/>
        <attr name='Workflow Percentage' value='22.0'/>
        <attr name='Rate' value='136.36363636363637'/>
        <attr name='Task Size Units' value='HLD Pages'/>
      </wbsNode>
      <wbsNode name='- Postmortem de la ejecucion PI' id='469485' type='Postmortem Task' indentLevel='2' expanded='true'>
        <attr name='Workflow Rate' value='30.0'/>
        <attr name='Workflow Percentage' value='5.0'/>
        <attr name='Rate' value='600.0'/>
        <attr name='Task Size Units' value='HLD Pages'/>
      </wbsNode>
    <wbsNode name='Desarrollo Manual Tecnico' id='469486' type='Unknown Task' indentLevel='1' expanded='true'>
      <attr name='Rate' value='0.0'/>
    </wbsNode>
      <wbsNode name='- Planeacion manual tecnico' id='469487' type='Planning Task' indentLevel='2' expanded='true'>
        <attr name='Workflow Rate' value='18.0'/>
        <attr name='Workflow Percentage' value='10.0'/>
        <attr name='Rate' value='180.0'/>
        <attr name='Task Size Units' value='Text Pages'/>
      </wbsNode>
      <wbsNode name='- Revision de insumos' id='469488' type='Documentation Task' indentLevel='2' expanded='true'>
        <attr name='Workflow Rate' value='18.0'/>
        <attr name='Workflow Percentage' value='20.0'/>
        <attr name='Rate' value='90.0'/>
      </wbsNode>
      <wbsNode name='- Ejecucion de la generacion del manual' id='469489' type='Documentation Task' indentLevel='2' expanded='true'>
        <attr name='Workflow Rate' value='18.0'/>
        <attr name='Workflow Percentage' value='5.0'/>
        <attr name='Rate' value='360.0'/>
      </wbsNode>
      <wbsNode name='- Revision del reporte generado' id='469490' type='Documentation Task' indentLevel='2' expanded='true'>
        <attr name='Workflow Rate' value='18.0'/>
        <attr name='Workflow Percentage' value='55.0'/>
        <attr name='Rate' value='32.72727272727273'/>
      </wbsNode>
      <wbsNode name='- Postmortem manual tecnico' id='469491' type='Postmortem Task' indentLevel='2' expanded='true'>
        <attr name='Workflow Rate' value='18.0'/>
        <attr name='Workflow Percentage' value='10.0'/>
        <attr name='Rate' value='180.0'/>
        <attr name='Task Size Units' value='Text Pages'/>
      </wbsNode>
    <wbsNode name='Inspeccion Diseno' id='469492' type='Unknown Task' indentLevel='1' expanded='true'>
      <attr name='Rate' value='0.0'/>
    </wbsNode>
      <wbsNode name='Revision Preliminar Diseno' id='469494' type='Design Inspect Task' indentLevel='2' expanded='true'>
        <attr name='Workflow Rate' value='300.0'/>
        <attr name='Workflow Percentage' value='8.0'/>
        <attr name='Rate' value='3750.0'/>
        <attr name='Task Size Units' value='LOC'/>
      </wbsNode>
      <wbsNode name='Presentacion de la Inspeccion Diseno' id='469495' type='Design Inspect Task' indentLevel='2' expanded='true'>
        <attr name='# People' value='3.0'/>
        <attr name='Workflow Rate' value='300.0'/>
        <attr name='Workflow Percentage' value='23.0'/>
        <attr name='Rate' value='3913.043478260869'/>
        <attr name='Task Size Units' value='LOC'/>
      </wbsNode>
      <wbsNode name='Inspeccion Individual Diseno' id='469496' type='Design Inspect Task' indentLevel='2' expanded='true'>
        <attr name='# People' value='2.0'/>
        <attr name='Workflow Rate' value='300.0'/>
        <attr name='Workflow Percentage' value='31.0'/>
        <attr name='Rate' value='1935.483870967742'/>
        <attr name='Task Size Units' value='LOC'/>
      </wbsNode>
      <wbsNode name='Junta de Inspeccion Diseno' id='469497' type='Design Inspect Task' indentLevel='2' expanded='true'>
        <attr name='# People' value='3.0'/>
        <attr name='Workflow Rate' value='300.0'/>
        <attr name='Workflow Percentage' value='23.0'/>
        <attr name='Rate' value='3913.043478260869'/>
        <attr name='Task Size Units' value='LOC'/>
      </wbsNode>
      <wbsNode name='Correccion y Verificacion Diseno' id='469498' type='Design Inspect Task' indentLevel='2' expanded='true'>
        <attr name='Workflow Rate' value='300.0'/>
        <attr name='Workflow Percentage' value='15.0'/>
        <attr name='Rate' value='2000.0'/>
        <attr name='Task Size Units' value='LOC'/>
      </wbsNode>
    <wbsNode name='Inspeccion Codigo' id='469499' type='Unknown Task' indentLevel='1' expanded='true'>
      <attr name='Rate' value='0.0'/>
    </wbsNode>
      <wbsNode name='Revision Preliminar Codigo' id='469500' type='Code Inspect Task' indentLevel='2' expanded='true'>
        <attr name='Workflow Rate' value='200.0'/>
        <attr name='Workflow Percentage' value='8.0'/>
        <attr name='Rate' value='2500.0'/>
        <attr name='Task Size Units' value='LOC'/>
      </wbsNode>
      <wbsNode name='Presentacion de la Inspeccion Codigo' id='469501' type='Code Inspect Task' indentLevel='2' expanded='true'>
        <attr name='# People' value='3.0'/>
        <attr name='Workflow Rate' value='200.0'/>
        <attr name='Workflow Percentage' value='23.0'/>
        <attr name='Rate' value='2608.695652173913'/>
        <attr name='Task Size Units' value='LOC'/>
      </wbsNode>
      <wbsNode name='Inspeccion Individual Codigo' id='469502' type='Code Inspect Task' indentLevel='2' expanded='true'>
        <attr name='# People' value='2.0'/>
        <attr name='Workflow Rate' value='200.0'/>
        <attr name='Workflow Percentage' value='31.0'/>
        <attr name='Rate' value='1290.3225806451612'/>
        <attr name='Task Size Units' value='LOC'/>
      </wbsNode>
      <wbsNode name='Junta de Inspeccion Codigo' id='469503' type='Code Inspect Task' indentLevel='2' expanded='true'>
        <attr name='# People' value='3.0'/>
        <attr name='Workflow Rate' value='200.0'/>
        <attr name='Workflow Percentage' value='23.0'/>
        <attr name='Rate' value='2608.695652173913'/>
        <attr name='Task Size Units' value='LOC'/>
      </wbsNode>
      <wbsNode name='Correccion y Verificacion Codigo' id='469504' type='Code Inspect Task' indentLevel='2' expanded='true'>
        <attr name='Workflow Rate' value='200.0'/>
        <attr name='Workflow Percentage' value='15.0'/>
        <attr name='Rate' value='1333.3333333333333'/>
        <attr name='Task Size Units' value='LOC'/>
      </wbsNode>
</wbsModel>
