<?xml version='1.0' encoding='UTF-8' ?>
<timeLogEntries>
  <time id="1" path="/Proyecto/SWBStrategy/Productos de Soporte/Revision para entender el contador de lineas de dashboard" start="@1370380299614" delta="35" />
  <time id="2" path="/Proyecto/SWBStrategy/Productos de Soporte/Revision para entender el contador de lineas de dashboard" start="@1370383924125" delta="22" />
  <time id="3" path="/Proyecto/SWBStrategy/Productos de Soporte/Revision para entender el contador de lineas de dashboard" start="@1370386107480" delta="93" />
  <time id="4" path="/Proyecto/SWBStrategy/Productos de Soporte/Revision para entender el contador de lineas de dashboard" start="@1370448988047" delta="25" />
  <time id="5" path="/Proyecto/SWBStrategy/Productos de Soporte/Revision para entender el contador de lineas de dashboard" start="@1370277987000" delta="11" />
  <time id="6" path="/Proyecto/SWBStrategy/Productos de Soporte/Revision para entender el contador de lineas de dashboard" start="@1370281585000" delta="7" />
  <time id="7" path="/Proyecto/SWBStrategy/Productos de Soporte/Revision para entender el contador de lineas de dashboard" start="@1370282335000" delta="6" />
  <time id="8" path="/Proyecto/SWBStrategy/Productos de Soporte/Revision para entender el contador de lineas de dashboard" start="@1370284049000" delta="10" />
  <time id="9" path="/Proyecto/SWBStrategy/Productos de Soporte/Revision para entender el contador de lineas de dashboard" start="@1370285332000" delta="6" />
  <time id="10" path="/Proyecto/SWBStrategy/Productos de Soporte/Revision para entender el contador de lineas de dashboard" start="@1370293678000" delta="25" />
  <time id="11" path="/Proyecto/SWBStrategy/Productos de Soporte/Revision para entender el contador de lineas de dashboard" start="@1370295755000" delta="21" />
  <time id="12" path="/Proyecto/SWBStrategy/Productos de Soporte/Revision para entender el contador de lineas de dashboard" start="@1370297522000" delta="13" />
  <time id="13" path="/Proyecto/SWBStrategy/Indicadores/Administracion/Administrador nuevos periodos/- Planeacion Codigo" start="@1370458484410" delta="5" interrupt="155" />
  <time id="14" path="/Proyecto/SWBStrategy/Indicadores/Administracion/Administrador nuevos periodos/- Diseno de pruebas unitarias" start="@1370472442166" delta="5" />
  <time id="15" path="/Proyecto/SWBStrategy/Indicadores/Administracion/Administrador nuevos periodos/- Diseno de pruebas unitarias" start="@1370473142205" delta="14" interrupt="4" />
  <time id="16" path="/Proyecto/SWBStrategy/Indicadores/Administracion/Administrador nuevos periodos/- Diseno de pruebas unitarias" start="@1370474632467" delta="3" />
  <time id="17" path="/Proyecto/SWBStrategy/Indicadores/Administracion/Administrador nuevos periodos/- Diseno de pruebas unitarias" start="@1370106190000" delta="1" />
  <time id="18" path="/Proyecto/SWBStrategy/Indicadores/Administracion/Administrador nuevos periodos/- Diseno de pruebas unitarias" start="@1370711217000" delta="10" />
  <time id="19" path="/Proyecto/SWBStrategy/Indicadores/Administracion/Administrador nuevos periodos/- Diseno de pruebas unitarias" start="@1370712389000" delta="13" />
  <time id="20" path="/Proyecto/SWBStrategy/Indicadores/Administracion/Administrador nuevos periodos/- Diseno de pruebas unitarias" start="@1370109016000" delta="4" />
  <time id="21" path="/Proyecto/SWBStrategy/Indicadores/Administracion/Administrador nuevos periodos/- Diseno de pruebas unitarias" start="@1370109638000" delta="41" />
  <time id="22" path="/Proyecto/SWBStrategy/Indicadores/Administracion/Administrador nuevos periodos/- Diseno de pruebas unitarias" start="@1370112345000" />
  <time id="23" path="/Proyecto/SWBStrategy/Indicadores/Administracion/Administrador nuevos periodos/- Diseno detallado" start="@1370991404348" delta="7" />
  <time id="24" path="/Proyecto/SWBStrategy/Indicadores/Administracion/Administrador nuevos periodos/- Diseno detallado" start="@1370993177213" delta="6" interrupt="19" />
  <time id="25" path="/Proyecto/SWBStrategy/Indicadores/Administracion/Administrador nuevos periodos/- Diseno detallado" start="@1370994770544" delta="18" interrupt="1" />
  <time id="26" path="/Proyecto/SWBStrategy/Indicadores/Administracion/Administrador nuevos periodos/- Diseno detallado" start="@1370996297015" delta="3" />
  <time id="27" path="/Proyecto/SWBStrategy/Indicadores/Administracion/Administrador nuevos periodos/- Diseno detallado" start="@1370997044774" delta="25" interrupt="1" />
  <time id="28" path="/Proyecto/SWBStrategy/Indicadores/Administracion/Administrador nuevos periodos/- Diseno detallado" start="@1370999027054" delta="13" />
  <time id="29" path="/Proyecto/SWBStrategy/Objetivos/Administracion/Recurso Asignar Periodos/- Planeacion Codigo" start="@1371054726541" delta="5" interrupt="4" />
  <time id="30" path="/Proyecto/SWBStrategy/Objetivos/Administracion/Recurso Asignar Periodos/- Diseno de pruebas unitarias" start="@1371055260255" delta="17" interrupt="3" />
  <time id="31" path="/Proyecto/SWBStrategy/Objetivos/Administracion/Recurso Asignar Periodos/- Diseno de pruebas unitarias" start="@1371057341084" delta="4" />
  <time id="32" path="/Proyecto/SWBStrategy/Objetivos/Administracion/Recurso Asignar Periodos/- Diseno de pruebas unitarias" start="@1371058634084" delta="20" interrupt="2" />
  <time id="33" path="/Proyecto/SWBStrategy/Objetivos/Administracion/Recurso Asignar Periodos/- Diseno de pruebas unitarias" start="@1371060917738" delta="22" interrupt="10" />
  <time id="34" path="/Proyecto/SWBStrategy/Objetivos/Administracion/Recurso Asignar Periodos/- Diseno detallado" start="@1371062872483" delta="7" interrupt="165" />
  <time id="35" path="/Proyecto/SWBStrategy/Objetivos/Administracion/Recurso Asignar Periodos/- Diseno detallado" start="@1371073666773" delta="10" />
  <time id="36" path="/Proyecto/SWBStrategy/Objetivos/Administracion/Recurso Asignar Periodos/- Diseno detallado" start="@1371075025461" delta="7" />
  <time id="37" path="/Proyecto/SWBStrategy/Objetivos/Administracion/Recurso Asignar Periodos/- Diseno detallado" start="@1371077566901" delta="5" />
  <time id="38" path="/Proyecto/SWBStrategy/Objetivos/Administracion/Recurso Asignar Periodos/- Diseno detallado" start="@1371078432379" delta="15" interrupt="1" />
  <time id="39" path="/Proyecto/SWBStrategy/Objetivos/Administracion/Recurso Asignar Periodos/- Diseno detallado" start="@1371079796154" delta="24" interrupt="3" />
  <time id="40" path="/Proyecto/SWBStrategy/Objetivos/Administracion/Recurso Asignar Periodos/- Diseno detallado" start="@1371138148171" delta="11" />
  <time id="41" path="/Proyecto/SWBStrategy/Objetivos/Administracion/Recurso Asignar Periodos/- Diseno detallado" start="@1371139186645" delta="19" interrupt="2" />
  <time id="42" path="/Proyecto/SWBStrategy/Objetivos/Administracion/Recurso Asignar Periodos/- Diseno detallado" start="@1371142367830" delta="32" />
  <time id="43" path="/Proyecto/SWBStrategy/Objetivos/Administracion/Recurso Asignar Periodos/- Diseno detallado" start="@1371146809002" delta="32" />
  <time id="44" path="/Proyecto/SWBStrategy/Objetivos/Administracion/Recurso Asignar Periodos/- Diseno detallado" start="@1371158968109" delta="3" />
  <time id="45" path="/Proyecto/SWBStrategy/Objetivos/Administracion/Recurso Asignar Periodos/- Diseno detallado" start="@1371160956452" delta="1" interrupt="1" />
  <time id="46" path="/Proyecto/SWBStrategy/Objetivos/Administracion/Recurso Asignar Periodos/- Revision de diseno detallado" start="@1371161329000" delta="26" />
  <time id="48" path="/Proyecto/SWBStrategy/Objetivos/Administracion/Recurso Asignar Periodos/- Revision de diseno detallado" start="@1371161120637" delta="24" interrupt="34" />
  <time id="49" path="/Proyecto/SWBStrategy/Objetivos/Administracion/Recurso Asignar Periodos/- Revision de diseno detallado" start="@1371165525385" delta="42" />
  <time id="50" path="/Proyecto/SWBStrategy/Objetivos/Administracion/Implementacion en ontologia/- Planeacion y entendimiento" start="@1371226651548" delta="2" />
  <time id="51" path="/Proyecto/SWBStrategy/Objetivos/Administracion/Implementacion en ontologia/- Diseno de pruebas unitarias" start="@1371226792397" delta="9" />
  <time id="52" path="/Proyecto/SWBStrategy/Objetivos/Administracion/Implementacion en ontologia/- Codificacion" start="@1371227347603" delta="18" interrupt="56" />
  <time id="53" path="/Proyecto/SWBStrategy/Objetivos/Administracion/Implementacion en ontologia/- Revision de codigo" start="@1371231841183" delta="6" />
  <time id="54" path="/Proyecto/SWBStrategy/Objetivos/Administracion/Implementacion en ontologia/- Revision de codigo" start="@1371233371426" delta="13" />
  <time id="55" path="/Proyecto/SWBStrategy/Objetivos/Administracion/Implementacion en ontologia/- Generacion de Codigo" start="@1371234139661" delta="3" />
  <time id="56" path="/Proyecto/SWBStrategy/Objetivos/Administracion/Implementacion en ontologia/- Pruebas" start="@1371234324629" delta="12" />
  <time id="57" path="/Proyecto/SWBStrategy/Objetivos/Administracion/Implementacion en ontologia/- Pruebas" start="@1371235433379" delta="15" />
  <time id="58" path="/Proyecto/SWBStrategy/Objetivos/Administracion/Implementacion en ontologia/- Pruebas" start="@1371245755792" delta="4" />
  <time id="59" path="/Proyecto/SWBStrategy/Objetivos/Administracion/Implementacion en ontologia/- Postmortem" start="@1371246021971" delta="2" />
  <time id="60" path="/Proyecto/SWBStrategy/Objetivos/Administracion/Implementacion en ontologia/- Postmortem" start="@1371248676650" delta="3" interrupt="3" />
  <time id="61" path="/Proyecto/SWBStrategy/Objetivos/Administracion/Implementacion en ontologia/- Postmortem" start="@1371249482378" delta="2" />
  <time id="62" path="/Proyecto/SWBStrategy/Objetivos/Administracion/Recurso Asignar Periodos/- Codificacion" start="@1371252991092" delta="9" />
  <time id="63" path="/Proyecto/SWBStrategy/Objetivos/Administracion/Recurso Asignar Periodos/- Codificacion" start="@1371331449024" delta="9" />
  <time id="64" path="/Proyecto/SWBStrategy/Objetivos/Administracion/Recurso Asignar Periodos/- Codificacion" start="@1371332671207" delta="34" />
  <time id="65" path="/Proyecto/SWBStrategy/Objetivos/Administracion/Recurso Asignar Periodos/- Codificacion" start="@1371336404005" delta="39" />
  <time id="66" path="/Proyecto/SWBStrategy/Objetivos/Administracion/Recurso Asignar Periodos/- Codificacion" start="@1371349208000" delta="55" />
  <time id="67" path="/Proyecto/SWBStrategy/Objetivos/Administracion/Recurso Asignar Periodos/- Revision de codigo" start="@1371356423750" delta="55" interrupt="3" />
  <time id="68" path="/Proyecto/SWBStrategy/Objetivos/Administracion/Recurso Asignar Periodos/- Pruebas unitarias" start="@1371571202036" delta="47" interrupt="7" />
  <time id="69" path="/Proyecto/SWBStrategy/Objetivos/Administracion/Recurso Asignar Periodos/- Pruebas unitarias" start="@1371577616870" delta="15" />
  <time id="70" path="/Proyecto/SWBStrategy/Objetivos/Administracion/Recurso Asignar Periodos/- Pruebas unitarias" start="@1371579917606" delta="6" />
  <time id="71" path="/Proyecto/SWBStrategy/Objetivos/Administracion/Recurso Asignar Periodos/- Pruebas unitarias" start="@1371594440123" delta="22" />
  <time id="72" path="/Proyecto/SWBStrategy/Objetivos/Administracion/Recurso Asignar Periodos/- Postmortem Codigo" start="@1371595735410" delta="5" interrupt="1" />
  <time id="73" path="/Proyecto/SWBStrategy/Objetivos/Administracion/Recurso Asignar Periodos/- Postmortem Codigo" start="@1371596907753" delta="2" />
  <time id="74" path="/Proyecto/SWBStrategy/Indicadores/Administracion/Administrador nuevos periodos/- Diseno detallado" start="@1371597103951" delta="1" />
  <time id="75" path="/Proyecto/SWBStrategy/Indicadores/Administracion/Administrador nuevos periodos/- Diseno detallado" start="@1371597621525" delta="64" interrupt="2" />
  <time id="76" path="/Proyecto/SWBStrategy/Indicadores/Administracion/Administrador nuevos periodos/- Diseno detallado" start="@1371603098028" delta="21" />
  <time id="77" path="/Proyecto/SWBStrategy/Indicadores/Administracion/Administrador nuevos periodos/- Diseno detallado" start="@1371655726406" delta="4" />
  <time id="78" path="/Proyecto/SWBStrategy/Indicadores/Administracion/Administrador nuevos periodos/- Diseno detallado" start="@1371656780877" delta="14" />
  <time id="79" path="/Proyecto/SWBStrategy/Indicadores/Administracion/Administrador nuevos periodos/- Diseno detallado" start="@1371660057267" delta="30" interrupt="3" />
  <time id="80" path="/Proyecto/SWBStrategy/Indicadores/Administracion/Administrador nuevos periodos/- Diseno detallado" start="@1371666198562" delta="12" />
  <time id="81" path="/Proyecto/SWBStrategy/Indicadores/Administracion/Administrador nuevos periodos/- Diseno detallado" start="@1371679140534" delta="13" />
  <time id="82" path="/Proyecto/SWBStrategy/Indicadores/Administracion/Administrador nuevos periodos/- Diseno detallado" start="@1371701219362" delta="6" interrupt="3" />
  <time id="83" path="/Proyecto/SWBStrategy/Indicadores/Administracion/Administrador nuevos periodos/- Diseno detallado" start="@1371742025913" delta="61" />
  <time id="84" path="/Proyecto/SWBStrategy/Indicadores/Administracion/Administrador nuevos periodos/- Revision de diseno detallado" start="@1371745678836" delta="5" interrupt="12" />
  <time id="85" path="/Proyecto/SWBStrategy/Indicadores/Administracion/Administrador nuevos periodos/- Revision de diseno detallado" start="@1371754009786" delta="6" interrupt="1" />
  <time id="86" path="/Proyecto/SWBStrategy/Indicadores/Administracion/Administrador nuevos periodos/- Revision de diseno detallado" start="@1371765160103" delta="55" />
  <time id="87" path="/Proyecto/SWBStrategy/Indicadores/Administracion/Administrador nuevos periodos/- Revision de diseno detallado" start="@1371770692754" delta="118" />
  <time id="88" path="/Proyecto/SWBStrategy/Indicadores/Administracion/Implementacion en ontologia/- Planeacion y entendimiento" start="@1371779316950" delta="5" />
  <time id="89" path="/Proyecto/SWBStrategy/Indicadores/Administracion/Implementacion en ontologia/- Diseno de pruebas unitarias" start="@1371779627196" delta="25" />
  <time id="90" path="/Proyecto/SWBStrategy/Indicadores/Administracion/Implementacion en ontologia/- Diseno de pruebas unitarias" start="@1371829905700" delta="13" interrupt="2" />
  <time id="91" path="/Proyecto/SWBStrategy/Indicadores/Administracion/Implementacion en ontologia/- Codificacion" start="@1371830818116" delta="7" />
  <time id="92" path="/Proyecto/SWBStrategy/Indicadores/Administracion/Implementacion en ontologia/- Codificacion" start="@1371832243434" delta="13" />
  <time id="93" path="/Proyecto/SWBStrategy/Indicadores/Administracion/Implementacion en ontologia/- Codificacion" start="@1371833859401" delta="20" />
  <time id="94" path="/Proyecto/SWBStrategy/Productos de Soporte/Definición del checklist personal para la Revision de ontologías" start="@1371836310000" delta="69" />
  <time id="96" path="/Proyecto/SWBStrategy/Productos de Soporte/Definición del checklist personal para la Revision de ontologías" start="@1371854058417" delta="25" />
  <time id="97" path="/Proyecto/SWBStrategy/Indicadores/Administracion/Implementacion en ontologia/- Revision de codigo" start="@1371854765507" delta="9" interrupt="25" />
  <time id="98" path="/Proyecto/SWBStrategy/Indicadores/Administracion/Implementacion en ontologia/- Revision de codigo" start="@1371961185472" delta="27" />
  <time id="99" path="/Proyecto/SWBStrategy/Indicadores/Administracion/Implementacion en ontologia/- Revision de codigo" start="@1371963762026" delta="2" />
  <time id="100" path="/Proyecto/SWBStrategy/Indicadores/Administracion/Implementacion en ontologia/- Generacion de Codigo" start="@1371963868286" delta="2" />
  <time id="101" path="/Proyecto/SWBStrategy/Indicadores/Administracion/Implementacion en ontologia/- Pruebas" start="@1372019331254" delta="12" />
  <time id="102" path="/Proyecto/SWBStrategy/Indicadores/Administracion/Implementacion en ontologia/- Pruebas" start="@1372021525936" delta="46" interrupt="2" />
  <time id="103" path="/Proyecto/SWBStrategy/Productos de Soporte/Definición del checklist personal para la Revision de ontologías" start="@1371913592000" delta="20" />
  <time id="104" path="/Proyecto/SWBStrategy/Indicadores/Administracion/Implementacion en ontologia/- Pruebas" start="@1372051913601" delta="22" />
  <time id="105" path="/Proyecto/SWBStrategy/Indicadores/Administracion/Implementacion en ontologia/- Pruebas" start="@1372094584796" delta="26" />
  <time id="106" path="/Proyecto/SWBStrategy/Indicadores/Administracion/Implementacion en ontologia/- Pruebas" start="@1372097074258" delta="16" />
  <time id="107" path="/Proyecto/SWBStrategy/Indicadores/Administracion/Implementacion en ontologia/- Pruebas" start="@1372125438991" delta="16" />
  <time id="108" path="/Proyecto/SWBStrategy/Indicadores/Administracion/Administrador nuevos periodos/- Codificacion" start="@1372180888118" delta="9" />
  <time id="109" path="/Proyecto/SWBStrategy/Indicadores/Administracion/Administrador nuevos periodos/- Codificacion" start="@1372181833454" delta="41" />
  <time id="110" path="/Proyecto/SWBStrategy/Indicadores/Administracion/Administrador nuevos periodos/- Codificacion" start="@1372185898044" delta="21" />
  <time id="111" path="/Proyecto/SWBStrategy/Indicadores/Administracion/Administrador nuevos periodos/- Codificacion" start="@1372196656112" delta="8" />
  <time id="112" path="/Proyecto/SWBStrategy/Indicadores/Administracion/Administrador nuevos periodos/- Codificacion" start="@1372198513521" delta="19" />
  <time id="113" path="/Proyecto/SWBStrategy/Indicadores/Administracion/Administrador nuevos periodos/- Codificacion" start="@1372200326666" delta="86" interrupt="14" />
  <time id="114" path="/Proyecto/SWBStrategy/Indicadores/Administracion/Administrador nuevos periodos/- Revision de codigo" start="@1372206323465" delta="46" interrupt="54" />
  <time id="115" path="/Proyecto/SWBStrategy/Indicadores/Administracion/Administrador nuevos periodos/- Revision de codigo" start="@1372212382579" delta="7" />
  <time id="116" path="/Proyecto/SWBStrategy/Indicadores/Administracion/Administrador nuevos periodos/- Revision de codigo" start="@1372263013945" delta="6" />
  <time id="117" path="/Proyecto/SWBStrategy/Indicadores/Administracion/Administrador nuevos periodos/- Revision de codigo" start="@1372263703084" delta="11" />
  <time id="118" path="/Proyecto/SWBStrategy/Indicadores/Administracion/Administrador nuevos periodos/- Revision de codigo" start="@1372266321019" delta="31" />
  <time id="119" path="/Proyecto/SWBStrategy/Indicadores/Administracion/Administrador nuevos periodos/- Revision de codigo" start="@1372271246882" delta="1" />
  <time id="120" path="/Proyecto/SWBStrategy/Indicadores/Administracion/Administrador nuevos periodos/- Pruebas unitarias" start="@1372271314000" delta="19" />
  <time id="121" path="/Proyecto/SWBStrategy/Indicadores/Administracion/Administrador nuevos periodos/- Pruebas unitarias" start="@1372282611000" delta="85" />
  <time id="122" path="/Proyecto/SWBStrategy/Indicadores/Administracion/Administrador nuevos periodos/- Pruebas unitarias" start="@1372350853000" delta="8" />
  <time id="123" path="/Proyecto/SWBStrategy/Indicadores/Administracion/Administrador nuevos periodos/- Pruebas unitarias" start="@1372351795000" delta="20" />
  <time id="124" path="/Proyecto/SWBStrategy/Indicadores/Administracion/Administrador nuevos periodos/- Pruebas unitarias" start="@1372353451000" delta="14" />
  <time id="125" path="/Proyecto/SWBStrategy/Indicadores/Administracion/Administrador nuevos periodos/- Pruebas unitarias" start="@1372356171000" delta="7" />
  <time id="127" path="/Proyecto/SWBStrategy/Indicadores/Administracion/Administrador nuevos periodos/- Pruebas unitarias" start="@1372356570341" delta="28" />
  <time id="128" path="/Proyecto/SWBStrategy/Indicadores/Administracion/Administrador nuevos periodos/- Pruebas unitarias" start="@1372272584000" delta="12" />
  <time id="129" path="/Proyecto/SWBStrategy/Indicadores/Administracion/Administrador nuevos periodos/- Postmortem Codigo" start="@1372358546754" delta="16" />
  <time id="130" path="/Proyecto/SWBStrategy/Indicadores/Administracion/Administrador nuevos periodos/- Postmortem Codigo" start="@1372373725427" delta="4" />
  <time id="131" path="/Proyecto/SWBStrategy/Indicadores/Administracion/Implementacion en ontologia/- Pruebas" start="@1372374452447" delta="2" />
  <time id="132" path="/Proyecto/SWBStrategy/Indicadores/Administracion/Implementacion en ontologia/- Pruebas" start="@1372375221061" delta="9" />
  <time id="133" path="/Proyecto/SWBStrategy/Indicadores/Administracion/Implementacion en ontologia/- Postmortem" start="@1372436421831" delta="4" />
  <time id="134" path="/Proyecto/SWBStrategy/Mapa Estrategico/Interactivo/- Planeacion Codigo" start="@1372439217276" delta="27" />
  <time id="135" path="/Proyecto/SWBStrategy/Mapa Estrategico/Interactivo/- Planeacion Codigo" start="@1372442415167" delta="14" />
  <time id="136" path="/Proyecto/SWBStrategy/Mapa Estrategico/Interactivo/- Planeacion Codigo" start="@1372443757166" delta="14" />
  <time id="137" path="/Proyecto/SWBStrategy/Mapa Estrategico/Interactivo/- Planeacion Codigo" start="@1372445650872" delta="3" />
  <time id="138" path="/Proyecto/SWBStrategy/Mapa Estrategico/Interactivo/- Planeacion Codigo" start="@1372457013629" delta="21" />
  <time id="139" path="/Proyecto/SWBStrategy/Mapa Estrategico/Interactivo/- Planeacion Codigo" start="@1372462183000" delta="11" />
  <time id="140" path="/Proyecto/SWBStrategy/Mapa Estrategico/Interactivo/- Diseno de pruebas unitarias" start="@1372647081000" delta="60" />
  <time id="142" path="/Proyecto/SWBStrategy/Mapa Estrategico/Interactivo/- Diseno de pruebas unitarias" start="@1372650709795" delta="14" />
  <time id="143" path="/Proyecto/SWBStrategy/Mapa Estrategico/Interactivo/- Diseno detallado" start="@1372651567038" delta="18" />
  <time id="144" path="/Proyecto/SWBStrategy/Indicadores/Administracion/Implementacion en ontologia/- Postmortem" start="@1372466422000" delta="10" />
  <time id="145" path="/Proyecto/SWBStrategy/Mapa Estrategico/Interactivo/- Diseno detallado" start="@1372717475537" delta="29" interrupt="2" />
  <time id="146" path="/Proyecto/SWBStrategy/Mapa Estrategico/Interactivo/- Diseno detallado" start="@1372719983850" delta="17" />
  <time id="147" path="/Proyecto/SWBStrategy/Mapa Estrategico/Interactivo/- Diseno detallado" start="@1372812890384" delta="36" />
  <time id="148" path="/Proyecto/SWBStrategy/Mapa Estrategico/Interactivo/- Diseno detallado" start="@1372816356945" delta="67" interrupt="5" />
  <time id="149" path="/Proyecto/SWBStrategy/Mapa Estrategico/Interactivo/- Diseno detallado" start="@1372893575418" delta="37" />
  <time id="150" path="/Proyecto/SWBStrategy/Mapa Estrategico/Interactivo/- Diseno detallado" start="@1372898999391" delta="82" />
  <time id="151" path="/Proyecto/SWBStrategy/Mapa Estrategico/Interactivo/- Diseno detallado" start="@1372956674000" delta="58" />
  <time id="152" path="/Proyecto/SWBStrategy/Mapa Estrategico/Interactivo/- Diseno detallado" start="@1372963567094" delta="16" />
  <time id="153" path="/Proyecto/SWBStrategy/Mapa Estrategico/Interactivo/- Diseno detallado" start="@1372972739465" delta="28" />
  <time id="154" path="/Proyecto/SWBStrategy/Mapa Estrategico/Interactivo/- Diseno detallado" start="@1372974954115" delta="23" />
  <time id="155" path="/Proyecto/SWBStrategy/Mapa Estrategico/Interactivo/- Diseno detallado" start="@1372976879919" delta="27" />
  <time id="156" path="/Proyecto/SWBStrategy/Mapa Estrategico/Interactivo/- Diseno detallado" start="@1372979755112" delta="23" />
  <time id="157" path="/Proyecto/SWBStrategy/Mapa Estrategico/Interactivo/- Diseno detallado" start="@1372982700511" delta="39" />
  <time id="158" path="/Proyecto/SWBStrategy/Mapa Estrategico/Interactivo/- Diseno detallado" start="@1372956086000" delta="10" />
  <time id="159" path="/Proyecto/SWBStrategy/Mapa Estrategico/Interactivo/- Diseno detallado" start="@1372985825728" delta="10" interrupt="1" />
  <time id="160" path="/Proyecto/SWBStrategy/Mapa Estrategico/Interactivo/- Diseno detallado" start="@1372987469538" delta="3" />
  <time id="161" path="/Proyecto/SWBStrategy/Mapa Estrategico/Interactivo/- Diseno detallado" start="@1373045432076" delta="18" />
  <time id="162" path="/Proyecto/SWBStrategy/Mapa Estrategico/Interactivo/- Diseno detallado" start="@1373067427088" delta="17" />
  <time id="163" path="/Proyecto/SWBStrategy/Mapa Estrategico/Interactivo/- Revision de diseno detallado" start="@1373336505218" delta="112" />
  <time id="164" path="/Proyecto/SWBStrategy/Productos de Soporte/Apoyo a compañeros del Equipo - MEJS" start="@1373040427000" delta="68" comment="Revisión de vistas detalle - resumen (plantilla)" />
  <time id="165" path="/Proyecto/SWBStrategy/Productos de Soporte/Reuniones de proyecto" start="@1373002714000" delta="69" comment="Revision de vistas detalle - resumen (plantilla)" />
  <time id="166" path="/Proyecto/SWBStrategy/Productos de Soporte/Apoyo a compañeros del Equipo - MEJS" start="@1372960840000" delta="60" comment="Revisión del mapa estratégico (patrón Decorador)" />
  <time id="167" path="/Proyecto/SWBStrategy/Productos de Soporte/Reuniones de proyecto" start="@1372867217000" delta="90" comment="Reunión con cliente (detalle del concepto activo/desactivo y asignación de estados a objetivos)" />
  <time id="168" path="/Proyecto/SWBStrategy/Productos de Soporte/Reuniones de proyecto" start="@1372888830000" delta="60" comment="Reunión de Equipo para definir la funcionalidad de la tabla de datos y el modelo" />
  <time id="169" path="/Proyecto/SWBStrategy/Productos de Soporte/Reuniones de proyecto" start="@1372720855000" delta="40" comment="Reunión de discusión de los requerimientos de negocio no establecidos" />
  <time id="170" path="/Proyecto/SWBStrategy/Productos de Soporte/Reuniones de proyecto" start="@1373515284000" delta="60" comment="Reunión con cliente (detalle de visualización de detalle de indicadores a futuro, definición de ordenar)" />
  <time id="171" path="/Proyecto/SWBStrategy/Mapa Estrategico/Interactivo/- Revision de diseno detallado" start="@1373412193000" delta="62" />
  <time id="173" path="/Proyecto/SWBStrategy/Mapa Estrategico/Interactivo/- Revision de diseno detallado" start="@1373478807000" delta="10" />
  <time id="174" path="/Proyecto/SWBStrategy/Mapa Estrategico/Interactivo/- Revision de diseno detallado" start="@1373479375847" delta="3" />
  <time id="175" path="/Proyecto/SWBStrategy/Mapa Estrategico/Interactivo/- Codificacion" start="@1373479549692" delta="58" interrupt="2" />
  <time id="176" path="/Proyecto/SWBStrategy/Mapa Estrategico/Interactivo/- Codificacion" start="@1373489845351" delta="8" />
  <time id="177" path="/Proyecto/SWBStrategy/Mapa Estrategico/Interactivo/- Codificacion" start="@1373491102423" delta="38" />
  <time id="178" path="/Proyecto/SWBStrategy/Mapa Estrategico/Interactivo/- Codificacion" start="@1373559002678" delta="58" interrupt="6" />
  <time id="179" path="/Proyecto/SWBStrategy/Mapa Estrategico/Interactivo/- Codificacion" start="@1373564750777" delta="60" interrupt="8" />
  <time id="180" path="/Proyecto/SWBStrategy/Mapa Estrategico/Interactivo/- Codificacion" start="@1373581230738" delta="42" />
  <time id="181" path="/Proyecto/SWBStrategy/Mapa Estrategico/Interactivo/- Codificacion" start="@1373585245928" delta="54" />
  <time id="182" path="/Proyecto/SWBStrategy/Productos de Soporte/Prototipo de vista para el mapa estrategico" start="@1373650377348" delta="74" />
  <time id="183" path="/Proyecto/SWBStrategy/Productos de Soporte/Prototipo de vista para el mapa estrategico" start="@1373668539678" delta="25" />
  <time id="184" path="/Proyecto/SWBStrategy/Productos de Soporte/Prototipo de vista para el mapa estrategico" start="@1373672532600" delta="11" />
  <time id="185" path="/Proyecto/SWBStrategy/Productos de Soporte/Prototipo de vista para el mapa estrategico" start="@1373862270715" delta="72" interrupt="1" />
  <time id="186" path="/Proyecto/SWBStrategy/Productos de Soporte/Prototipo de vista para el mapa estrategico" start="@1373589985000" delta="30" />
</timeLogEntries>
